AWI0002vbe,J020649.96+602044.4
AWI0002d4w,J020807.83+683502.0
AWI0000xae,J021220.69+622115.0
AWI00055tk,J021350.29+752545.3
AWI00023mi,J022656.85+653139.1
AWI0002d54,J023018.99+665810.3
AWI0005e25,J024351.37+685212.7
AWI0002d5c,J024438.72+655051.2
AWI0005yjx,J024800.47+365801.7
AWI0005e2r,J025048.69+691530.0
AWI0003lvn,J025607.14+563634.1
AWI0005e38,J030058.39+691456.3
AWI0003lvq,J030209.78+554517.2
AWI0001qpt,J030312.90+622019.4
AWI0000xbx,J030339.47+591301.5
AWI0004yjj,J031229.22+582634.1
AWI0002vc6,J031620.77+555940.7
AWI0003lvu,J031627.38+542858.0
AWI0000zk1,J032910.44+582249.3
AWI0002vcl,J033404.49+543023.5
AWI0000zr4,J033611.47+573519.5
AWI0004eil,J033730.77+501919.2
AWI0002oyy,J034147.49+544320.3
AWI0004yk4,J034341.92+550830.3
AWI0003ct5,J034513.40+524101.3
AWI0002vcu,J034854.22+530054.9
AWI0002ozh,J040133.96+521003.3
AWI0002d6n,J040304.59+615607.7
AWI00019xa,J040825.73+550307.6
AWI0002ozn,J041541.77+501830.4
AWI0002vdc,J041634.67+490728.7
AWI0004ngq,J041824.09+420540.0
AWI00023o4,J042002.63+563811.3
AWI0005e53,J042047.25+623459.5
AWI0003ctm,J042122.97+474019.2
AWI0004ej1,J042732.42+414702.7
AWI00055w6,J043224.61+635854.1
AWI000630m,J043435.47+264406.2
AWI0004nh2,J043511.76+391948.1
AWI0002ozw,J043622.63+464345.0
AWI0005wbt,J043834.94+202621.1
AWI0006306,J044038.52+310759.4
AWI0004nh5,J044137.46+364840.3
AWI0005myn,J044214.96+335026.0
AWI0002vdr,J044250.91+435332.0
AWI0002ozz,J044314.28+454412.1
AWI0004ej6,J044657.27+384413.6
AWI0004nhe,J044939.71+361049.0
AWI0004nhi,J045308.72+344455.9
AWI0001qry,J045828.03+480643.7
AWI0004nhr,J050502.57+315457.4
AWI0000zs1,J051902.36+391849.4
AWI0005n07,J051946.58+234046.7
AWI0005n09,J052038.99+234559.0
AWI00019yt,J052433.80+394113.7
AWI00023p3,J052721.78+430542.5
AWI000428c,J053000.58+272711.5
AWI0001qsr,J054159.39+370045.1
AWI0005ys4,J054906.19-224113.9
AWI00034vd,J055109.25+253913.1
AWI0002vep,J055311.58+233525.6
AWI0005n27,J055905.40+050754.2
AWI0000zlq,J060322.15+252646.9
AWI0003m08,J061026.95+141249.8
AWI000638h,J061651.64-081333.4
AWI0004ymh,J062627.38+122407.6
AWI0000zte,J063210.49+122904.2
AWI0004elm,J063329.64-012948.5
AWI00042bj,J064930.10-055715.8
AWI0003cw5,J065031.60-030843.2
AWI0004nm2,J065432.00-142918.5
AWI00034xl,J071033.01-110451.6
AWI0003m4r,J071751.08-185258.1
AWI0002vgp,J072052.02-163830.7
AWI00042di,J072555.26-230756.3
AWI0003m5m,J072844.94-232411.8
AWI0005ahj,J073036.97+153426.0
AWI0003m6g,J074403.32-282849.5
AWI00042f6,J075558.35-345625.6
AWI0003m7c,J075734.25-335927.8
AWI0002vht,J080900.83-344738.0
AWI0005cve,J082740.47+191543.9
AWI0000632,J083737.22+395803.7
AWI000563i,J084814.40-195328.7
AWI0005ajp,J092917.39-294141.3
AWI00001q1,J103639.06-135520.7
AWI00002li,J105101.63+812504.1
AWI0005dni,J112841.10-171005.1
AWI0000vk9,J122337.85-071456.4
AWI0005dau,J122532.37-311904.0
AWI00001dk,J122825.29-322401.9
AWI0005db2,J123939.87-264722.1
AWI000064f,J124401.06-304214.8
AWI00063wd,J124741.43+342254.0
AWI0005dw9,J130153.64+655407.3
AWI0005cxg,J131316.83-332031.0
AWI00063ys,J132422.79+480438.1
AWI00006rd,J134356.21-302040.2
AWI0005doy,J135948.76-121938.0
AWI0005dcq,J140106.49+764453.2
AWI0000s7h,J143312.62+004005.4
AWI0000wip,J145906.44+063144.7
AWI000644v,J150031.17+252225.8
AWI0005cbr,J151623.53-285313.7
AWI0005ay4,J152108.82-333131.8
AWI00002h7,J153622.23-112648.7
AWI0005d0l,J154904.57-200655.3
AWI0005d0q,J155139.45-160557.1
AWI0005d12,J155910.72-141055.4
