   Teff,Logg,      U,      B,      V,      R,      I,      J,      H,      K,  J-H,  J-K,  H-K
5777,4.44,-37.695,-37.841,-38.457,-38.835,-39.149,-39.567,-39.88,-39.952,0.312,0.385,0.073
1200,2.5,-15.869,-20.315,-21.012,-26.246,-28.529,-32.375,-33.929,-35.026,1.554,2.651,1.097
1200,3,-16.593,-20.975,-20.334,-26.29,-28.803,-32.845,-34.332,-35.169,1.487,2.324,0.837
1200,3.5,-16.993,-21.431,-19.401,-26.069,-28.833,-33.28,-34.566,-35.012,1.286,1.732,0.446
1200,4,-17.069,-21.523,-19.213,-25.922,-28.742,-33.381,-34.581,-34.974,1.2,1.593,0.392
1200,4.5,-18.646,-22.331,-19.639,-26.115,-28.92,-33.293,-34.549,-34.983,1.256,1.69,0.435
1200,5,-17.266,-21.576,-18.652,-25.498,-28.335,-33.757,-34.503,-34.664,0.746,0.908,0.161
1200,5.5,-17.501,-21.93,-18.189,-25.149,-28.026,-33.991,-34.434,-34.445,0.444,0.454,0.011
1300,2.5,-16.413,-20.869,-22.722,-26.887,-28.954,-32.719,-34.179,-35.275,1.46,2.556,1.095
1300,3,-16.718,-21.455,-21.949,-27.031,-29.306,-33.387,-34.537,-35.436,1.15,2.049,0.899
1300,3.5,-17.464,-21.73,-21.524,-27.072,-29.47,-33.343,-34.756,-35.566,1.413,2.223,0.81
1300,4,-17.802,-22.026,-20.773,-26.836,-29.431,-33.538,-34.848,-35.455,1.31,1.917,0.607
1300,4.5,-18.658,-22.488,-21.152,-27.111,-29.649,-33.575,-34.884,-35.5,1.31,1.926,0.616
1300,5,-18.515,-22.631,-20.474,-26.788,-29.517,-33.852,-34.986,-35.275,1.135,1.423,0.289
1300,5.5,-18.293,-22.695,-19.732,-26.151,-28.951,-34.078,-34.945,-35.051,0.866,0.973,0.106
1400,3,-17.988,-22.436,-23.548,-27.848,-29.921,-34.033,-34.959,-35.774,0.926,1.741,0.815
1400,3.5,-18.348,-22.638,-23.329,-27.957,-30.072,-34.001,-35.051,-35.858,1.05,1.856,0.806
1400,4,-18.672,-22.651,-23.156,-27.953,-30.11,-33.681,-35.033,-35.884,1.352,2.203,0.851
1400,4.5,-18.944,-22.862,-22.415,-27.747,-30.082,-33.794,-35.116,-35.858,1.322,2.064,0.742
1400,5,-19.236,-23.071,-22.402,-27.816,-30.18,-33.927,-35.19,-35.85,1.264,1.923,0.659
1400,5.5,-18.947,-23.304,-21.11,-27.031,-29.742,-34.248,-35.257,-35.552,1.009,1.304,0.295
1500,2.5,-18.917,-22.327,-25.088,-27.723,-29.664,-33.649,-34.729,-35.652,1.08,2.003,0.923
1500,3,-16.935,-21.116,-24.38,-27.231,-29.178,-32.988,-34.54,-35.658,1.552,2.669,1.118
1500,3.5,-16.82,-21.073,-24.41,-27.245,-29.178,-32.808,-34.49,-35.723,1.682,2.916,1.234
1500,4,-18.975,-22.912,-25.365,-28.445,-30.325,-33.661,-35.095,-36.145,1.434,2.483,1.05
1500,4.5,-19.317,-23.212,-25.085,-28.603,-30.525,-33.841,-35.214,-36.155,1.373,2.314,0.941
1500,5,-19.693,-23.506,-23.768,-28.389,-30.52,-34.028,-35.311,-36.119,1.283,2.091,0.808
1500,5.5,-19.926,-23.834,-23.199,-28.25,-30.558,-34.185,-35.399,-36.144,1.214,1.958,0.745
1550,5,-19.568,-23.385,-24.874,-28.658,-30.621,-33.97,-35.312,-36.226,1.342,2.256,0.914
1550,5.5,-20.071,-23.915,-24.112,-28.618,-30.741,-34.188,-35.433,-36.264,1.245,2.076,0.83
1600,2.5,-20.089,-23.236,-25.763,-28.344,-30.352,-34.49,-35.333,-36.095,0.843,1.605,0.762
1600,3,-17.617,-21.472,-24.472,-27.314,-29.315,-33.361,-34.759,-35.887,1.397,2.526,1.129
1600,3.5,-16.185,-20.573,-24.021,-27.01,-29.014,-33.014,-34.838,-36.128,1.824,3.113,1.289
1600,4,-19.299,-23.152,-25.676,-28.597,-30.485,-34.005,-35.32,-36.353,1.315,2.348,1.033
1600,4.5,-19.52,-23.433,-25.587,-28.785,-30.665,-34.048,-35.435,-36.425,1.388,2.377,0.99
1600,5,-19.777,-23.584,-25.266,-28.822,-30.733,-33.998,-35.345,-36.311,1.347,2.314,0.966
1600,5.5,-20.115,-24.011,-24.684,-28.818,-30.859,-34.25,-35.49,-36.342,1.24,2.092,0.851
1650,5,-19.946,-23.767,-25.545,-28.973,-30.868,-34.205,-35.561,-36.549,1.356,2.344,0.988
1650,5.5,-20.193,-24.164,-24.696,-28.897,-30.986,-34.49,-35.655,-36.412,1.165,1.922,0.757
1700,2.5,-15.787,-19.604,-22.859,-26.242,-28.5,-33.589,-34.996,-36.039,1.407,2.45,1.043
1700,3,-17.121,-20.939,-23.899,-26.968,-29.123,-34.055,-35.51,-36.483,1.455,2.429,0.974
1700,3.5,-16.096,-20.716,-24.159,-27.21,-29.28,-34.071,-35.604,-36.543,1.533,2.472,0.939
1700,4,-18.973,-22.96,-25.803,-28.53,-30.432,-34.478,-35.875,-36.719,1.397,2.241,0.844
1700,4.5,-19.679,-23.639,-25.792,-28.921,-30.831,-34.546,-35.807,-36.666,1.26,2.119,0.859
1700,5,-20.061,-23.923,-25.763,-29.102,-31.005,-34.467,-35.779,-36.7,1.313,2.233,0.92
1700,5.5,-20.646,-24.793,-25.425,-29.402,-31.436,-34.738,-35.836,-36.577,1.098,1.84,0.742
1750,5,-20.09,-23.965,-25.922,-29.186,-31.09,-34.698,-35.956,-36.787,1.258,2.088,0.831
1750,5.5,-20.756,-25.028,-25.683,-29.585,-31.637,-34.983,-36.004,-36.686,1.021,1.703,0.682
1800,2.5,-20.443,-22.533,-24.896,-27.699,-29.893,-34.323,-35.262,-36.129,0.939,1.805,0.867
1800,3,-19.557,-22.373,-24.786,-27.675,-29.838,-34.422,-35.639,-36.569,1.218,2.148,0.93
1800,3.5,-18.488,-22.67,-25.443,-28.385,-30.526,-34.957,-36.034,-36.77,1.077,1.813,0.736
1800,4,-19.688,-23.739,-26.252,-29.008,-30.99,-35.144,-36.196,-36.866,1.052,1.722,0.67
1800,4.5,-19.693,-23.811,-26.232,-29.055,-31.003,-35.041,-36.171,-36.853,1.13,1.812,0.682
1800,5,-20.291,-24.234,-26.173,-29.364,-31.293,-35.055,-36.21,-36.912,1.155,1.857,0.702
1800,5.5,-20.797,-25.105,-25.792,-29.679,-31.773,-35.297,-36.174,-36.735,0.877,1.439,0.562
1850,5,-20.227,-24.217,-26.183,-29.394,-31.362,-35.317,-36.403,-36.963,1.086,1.647,0.56
1850,5.5,-20.931,-25.347,-25.96,-29.83,-31.955,-35.576,-36.386,-36.854,0.81,1.278,0.468
1900,2.5,-20.419,-21.764,-23.936,-27.235,-29.624,-34.637,-35.677,-36.436,1.041,1.799,0.759
1900,3,-20.484,-22.865,-25.215,-28.25,-30.545,-35.246,-36.143,-36.818,0.897,1.572,0.675
1900,3.5,-20.152,-23.561,-25.903,-28.839,-31.068,-35.494,-36.36,-36.969,0.866,1.475,0.609
1900,4,-19.816,-23.668,-26.24,-29.007,-31.118,-35.474,-36.416,-37.025,0.942,1.55,0.609
1900,4.5,-19.95,-23.961,-26.478,-29.299,-31.324,-35.604,-36.531,-37.048,0.927,1.443,0.516
1900,5,-20.246,-24.297,-26.262,-29.44,-31.458,-35.644,-36.582,-37.026,0.937,1.381,0.444
1900,5.5,-20.98,-25.369,-26.065,-29.883,-31.997,-35.644,-36.422,-36.863,0.778,1.219,0.441
1950,5,-20.401,-24.439,-26.53,-29.599,-31.635,-35.723,-36.664,-37.121,0.942,1.398,0.457
1950,5.5,-21.101,-25.451,-26.207,-29.988,-32.119,-35.863,-36.611,-36.964,0.748,1.101,0.353
2000,2.5,-24.93,-25.102,-26.533,-29.411,-31.726,-35.973,-36.589,-37.13,0.616,1.157,0.542
2000,3,-22.108,-24.021,-26.099,-29.13,-31.443,-35.797,-36.534,-37.115,0.736,1.318,0.581
2000,3.5,-20.235,-23.187,-25.669,-28.951,-31.302,-35.779,-36.572,-37.145,0.793,1.366,0.573
2000,4,-20.226,-23.81,-26.381,-29.448,-31.671,-35.943,-36.683,-37.205,0.74,1.262,0.522
2000,4.5,-20.146,-24.068,-26.603,-29.618,-31.782,-36.029,-36.753,-37.214,0.725,1.186,0.461
2000,5,-20.353,-24.238,-26.456,-29.593,-31.622,-35.693,-36.655,-37.125,0.962,1.433,0.47
2000,5.5,-21.029,-25.136,-26.344,-30.134,-32.298,-35.999,-36.72,-37.052,0.721,1.053,0.332
2050,2.5,-25.36,-25.401,-26.399,-29.445,-31.838,-36.074,-36.699,-37.231,0.625,1.157,0.532
2050,3,-24.343,-25.185,-26.669,-29.581,-31.922,-36.069,-36.72,-37.246,0.651,1.177,0.525
2050,3.5,-21.378,-23.934,-26.173,-29.387,-31.739,-35.981,-36.706,-37.245,0.725,1.264,0.539
2050,4,-21.062,-24.479,-26.688,-29.683,-31.959,-36.051,-36.781,-37.271,0.729,1.219,0.49
2050,4.5,-20.421,-24.525,-26.861,-29.823,-32.029,-36.082,-36.819,-37.25,0.737,1.168,0.431
2050,5,-20.751,-24.834,-26.936,-30.001,-32.156,-36.154,-36.913,-37.271,0.759,1.118,0.359
2100,2.5,-25.847,-25.791,-26.659,-29.653,-32.034,-36.166,-36.761,-37.275,0.595,1.11,0.514
2100,3,-24.247,-25.024,-26.483,-29.565,-31.939,-36.074,-36.738,-37.273,0.664,1.199,0.535
2100,3.5,-22.885,-24.944,-26.871,-29.854,-32.171,-36.149,-36.8,-37.303,0.651,1.154,0.503
2100,4,-21.969,-25.18,-27.165,-30.053,-32.323,-36.211,-36.863,-37.317,0.651,1.106,0.455
2100,4.5,-20.552,-24.29,-26.775,-29.948,-32.22,-36.236,-36.922,-37.366,0.686,1.131,0.444
2100,5,-20.814,-24.803,-26.945,-30.143,-32.337,-36.244,-36.959,-37.3,0.715,1.055,0.341
2100,5.5,-21.117,-25.583,-26.514,-30.263,-32.526,-36.354,-36.992,-37.182,0.638,0.828,0.19
2150,2.5,-26.188,-26.163,-26.672,-29.767,-32.191,-36.245,-36.861,-37.371,0.616,1.126,0.51
2150,3,-25.31,-25.804,-26.821,-29.885,-32.287,-36.25,-36.888,-37.394,0.639,1.144,0.506
2150,3.5,-24.21,-25.643,-27.176,-30.148,-32.492,-36.3,-36.927,-37.408,0.627,1.109,0.481
2150,4,-22.724,-25.35,-27.213,-30.228,-32.556,-36.343,-36.986,-37.433,0.643,1.09,0.447
2150,4.5,-21.238,-25.002,-27.153,-30.181,-32.479,-36.306,-37.008,-37.427,0.702,1.121,0.419
2150,5,-20.878,-25.045,-27.23,-30.269,-32.498,-36.303,-37.031,-37.391,0.728,1.088,0.36
2200,2.5,-26.734,-26.655,-27.07,-30.117,-32.526,-36.397,-36.953,-37.43,0.556,1.033,0.478
2200,3,-25.874,-26.283,-27.214,-30.224,-32.605,-36.376,-36.963,-37.446,0.588,1.071,0.483
2200,3.5,-24.631,-26.027,-27.458,-30.367,-32.699,-36.385,-36.99,-37.461,0.605,1.076,0.471
2200,4,-23.501,-25.831,-27.534,-30.442,-32.758,-36.421,-37.04,-37.477,0.619,1.055,0.437
2200,4.5,-20.836,-24.476,-26.958,-30.287,-32.614,-36.405,-37.056,-37.485,0.651,1.08,0.429
2200,5,-20.643,-24.65,-27.155,-30.341,-32.646,-36.404,-37.129,-37.485,0.725,1.081,0.356
2200,5.5,-21.194,-25.376,-26.784,-30.428,-32.664,-36.252,-36.949,-37.24,0.697,0.988,0.291
2250,2.5,-27.204,-27.144,-27.4,-30.421,-32.824,-36.523,-37.062,-37.522,0.539,0.999,0.46
2250,3,-26.7,-27.011,-27.642,-30.606,-32.992,-36.545,-37.105,-37.559,0.56,1.014,0.454
2250,3.5,-25.578,-26.618,-27.769,-30.689,-33.038,-36.536,-37.121,-37.571,0.585,1.034,0.449
2250,4,-24.303,-26.369,-27.844,-30.741,-33.078,-36.563,-37.157,-37.573,0.593,1.009,0.416
2250,4.5,-22.507,-25.933,-27.791,-30.72,-33.034,-36.553,-37.176,-37.556,0.623,1.003,0.38
2250,5,-21.145,-25.323,-27.543,-30.595,-32.901,-36.503,-37.203,-37.555,0.7,1.052,0.351
2300,2.5,-27.946,-27.773,-27.931,-30.796,-33.158,-36.66,-37.155,-37.588,0.495,0.928,0.434
2300,3,-27.33,-27.526,-28.049,-30.88,-33.237,-36.645,-37.173,-37.608,0.528,0.963,0.436
2300,3.5,-26.121,-27.045,-28.128,-30.918,-33.237,-36.608,-37.171,-37.61,0.563,1.001,0.438
2300,4,-24.904,-26.689,-28.07,-30.916,-33.24,-36.621,-37.207,-37.622,0.587,1.001,0.414
2300,4.5,-23.702,-26.389,-28.088,-31.168,-33.46,-36.75,-37.285,-37.652,0.536,0.902,0.367
2300,5,-26.125,-26.012,-27.965,-30.968,-33.276,-36.659,-37.285,-37.611,0.627,0.953,0.326
2300,5.5,-21.817,-26.022,-27.622,-31.148,-33.429,-36.822,-37.325,-37.552,0.503,0.73,0.227
2350,2.5,-27.615,-27.651,-27.82,-30.826,-33.217,-36.687,-37.208,-37.642,0.522,0.955,0.433
2350,3,-27.75,-27.986,-28.372,-31.152,-33.505,-36.758,-37.285,-37.704,0.527,0.946,0.419
2350,3.5,-26.796,-27.594,-28.426,-31.2,-33.533,-36.74,-37.295,-37.713,0.555,0.973,0.418
2350,4,-25.791,-27.306,-28.462,-31.235,-33.56,-36.752,-37.323,-37.72,0.571,0.968,0.398
2350,4.5,-24.18,-26.874,-28.379,-31.213,-33.533,-36.735,-37.341,-37.717,0.606,0.981,0.375
2350,5,-22.747,-26.637,-28.331,-31.214,-33.539,-36.785,-37.395,-37.697,0.61,0.912,0.302
2400,2.5,-28.588,-28.499,-28.467,-31.228,-33.58,-36.85,-37.33,-37.727,0.48,0.877,0.397
2400,3,-28.067,-28.288,-28.664,-31.352,-33.677,-36.82,-37.333,-37.743,0.514,0.924,0.41
2400,3.5,-27.39,-28.066,-28.854,-31.47,-33.758,-36.808,-37.347,-37.759,0.539,0.95,0.411
2400,4,-26.344,-27.704,-28.783,-31.446,-33.745,-36.815,-37.375,-37.766,0.559,0.951,0.391
2400,4.5,-24.91,-27.064,-28.564,-31.545,-33.813,-36.879,-37.408,-37.767,0.529,0.888,0.359
2400,5,-23.478,-26.685,-28.46,-31.424,-33.732,-36.831,-37.439,-37.755,0.608,0.925,0.317
2400,5.5,-22.688,-26.622,-28.283,-31.457,-33.775,-36.862,-37.484,-37.73,0.623,0.868,0.245
2500,2.5,-29.187,-29.158,-29.063,-31.668,-33.982,-37.037,-37.517,-37.865,0.479,0.827,0.348
2500,3,-28.825,-29.063,-29.391,-31.874,-34.133,-36.996,-37.497,-37.88,0.502,0.884,0.383
2500,3.5,-28.271,-28.875,-29.529,-31.959,-34.2,-36.979,-37.507,-37.894,0.528,0.914,0.386
2500,4,-27.516,-28.597,-29.458,-31.93,-34.195,-36.977,-37.527,-37.9,0.55,0.924,0.374
2500,4.5,-26.384,-28.237,-29.408,-31.928,-34.188,-36.981,-37.55,-37.901,0.569,0.92,0.351
2500,5,-24.976,-27.562,-29.089,-31.899,-34.182,-36.997,-37.588,-37.9,0.591,0.903,0.312
2500,5.5,-23.973,-27.697,-29.24,-31.906,-34.182,-36.998,-37.619,-37.884,0.621,0.886,0.265
2600,2.5,-29.6,-29.662,-29.578,-32.044,-34.314,-37.196,-37.715,-38.006,0.519,0.81,0.291
2600,3,-29.413,-29.7,-29.972,-32.29,-34.506,-37.16,-37.661,-38.008,0.5,0.848,0.348
2600,3.5,-28.993,-29.589,-30.182,-32.414,-34.595,-37.132,-37.657,-38.02,0.524,0.887,0.363
2600,4,-28.376,-29.353,-30.183,-32.426,-34.609,-37.124,-37.669,-38.026,0.544,0.901,0.357
2600,4.5,-27.358,-28.773,-29.862,-32.472,-34.643,-37.159,-37.693,-38.031,0.534,0.871,0.338
2600,5,-26.27,-28.398,-29.734,-32.355,-34.587,-37.134,-37.721,-38.031,0.587,0.897,0.31
2600,5.5,-25.1,-27.998,-29.577,-32.293,-34.553,-37.139,-37.752,-38.023,0.613,0.884,0.271
2700,2.5,-29.95,-30.091,-30.063,-32.385,-34.599,-37.33,-37.913,-38.151,0.583,0.821,0.238
2700,3,-29.921,-30.288,-30.564,-32.703,-34.862,-37.318,-37.841,-38.148,0.523,0.831,0.307
2700,3.5,-29.589,-30.206,-30.809,-32.847,-34.949,-37.278,-37.803,-38.14,0.524,0.861,0.337
2700,4,-29.105,-30.031,-30.837,-32.87,-34.973,-37.264,-37.806,-38.144,0.542,0.88,0.338
2700,4.5,-28.72,-30.048,-31.038,-33.019,-35.105,-37.303,-37.867,-38.191,0.564,0.887,0.323
2700,5,-27.47,-29.483,-30.679,-32.828,-34.969,-37.262,-37.846,-38.151,0.584,0.889,0.305
2700,5.5,-26.371,-28.817,-30.286,-32.896,-35.019,-37.329,-37.883,-38.154,0.554,0.825,0.27
2800,2.5,-30.215,-30.479,-30.574,-32.736,-34.881,-37.446,-38.1,-38.303,0.655,0.857,0.202
2800,3,-30.281,-30.7,-31.014,-33.023,-35.121,-37.445,-38.004,-38.271,0.559,0.827,0.267
2800,3.5,-30.105,-30.757,-31.363,-33.231,-35.262,-37.416,-37.953,-38.26,0.537,0.844,0.308
2800,4,-29.751,-30.662,-31.464,-33.293,-35.309,-37.399,-37.944,-38.261,0.545,0.862,0.317
2800,4.5,-29.084,-30.277,-31.324,-33.381,-35.353,-37.406,-37.951,-38.264,0.545,0.858,0.313
2800,5,-28.584,-30.334,-31.509,-33.354,-35.365,-37.389,-37.974,-38.278,0.584,0.889,0.305
2800,5.5,-27.452,-29.62,-30.998,-33.22,-35.307,-37.399,-38.002,-38.274,0.603,0.875,0.272
2900,2.5,-30.428,-30.81,-31.017,-33.04,-35.119,-37.544,-38.279,-38.453,0.735,0.909,0.174
2900,3,-30.564,-31.027,-31.312,-33.245,-35.314,-37.562,-38.174,-38.397,0.612,0.836,0.223
2900,3.5,-30.473,-31.133,-31.69,-33.475,-35.474,-37.538,-38.092,-38.365,0.554,0.827,0.272
2900,4,-30.23,-31.142,-31.937,-33.625,-35.571,-37.523,-38.074,-38.366,0.551,0.843,0.292
2900,4.5,-29.818,-31.044,-32.032,-33.69,-35.614,-37.509,-38.069,-38.369,0.561,0.86,0.299
2900,5,-29.095,-30.619,-31.793,-33.675,-35.624,-37.513,-38.092,-38.379,0.578,0.865,0.287
2900,5.5,-28.304,-30.293,-31.627,-33.629,-35.617,-37.52,-38.116,-38.383,0.596,0.863,0.268
3000,2.5,-30.633,-31.167,-31.545,-33.397,-35.385,-37.635,-38.435,-38.606,0.8,0.971,0.171
3000,3,-30.819,-31.406,-31.788,-33.568,-35.561,-37.665,-38.349,-38.546,0.684,0.881,0.197
3000,3.5,-30.858,-31.58,-32.13,-33.783,-35.728,-37.662,-38.256,-38.5,0.594,0.838,0.244
3000,4,-30.716,-31.634,-32.394,-33.945,-35.829,-37.647,-38.215,-38.483,0.568,0.836,0.268
3000,4.5,-30.402,-31.573,-32.526,-34.027,-35.872,-37.623,-38.188,-38.472,0.565,0.849,0.284
3000,5,-29.8,-31.216,-32.337,-34.036,-35.899,-37.637,-38.215,-38.487,0.578,0.851,0.272
3000,5.5,-29.034,-30.887,-32.154,-33.981,-35.888,-37.64,-38.232,-38.489,0.592,0.85,0.257
3100,2.5,-30.763,-31.58,-32.108,-33.771,-35.658,-37.718,-38.568,-38.745,0.85,1.027,0.177
3100,3,-31.011,-31.845,-32.346,-33.935,-35.823,-37.751,-38.497,-38.684,0.746,0.933,0.187
3100,3.5,-31.158,-32.063,-32.646,-34.126,-35.982,-37.757,-38.393,-38.623,0.636,0.867,0.231
3100,4,-31.101,-32.155,-32.931,-34.307,-36.076,-37.736,-38.328,-38.586,0.591,0.85,0.259
3100,4.5,-30.919,-32.194,-33.139,-34.448,-36.142,-37.731,-38.314,-38.581,0.583,0.851,0.268
3100,5,-30.554,-32.101,-33.146,-34.452,-36.144,-37.717,-38.303,-38.572,0.586,0.855,0.269
3100,5.5,-30.085,-31.996,-33.161,-34.475,-36.157,-37.716,-38.316,-38.576,0.599,0.86,0.26
3200,2.5,-30.944,-31.898,-32.497,-34.044,-35.871,-37.798,-38.695,-38.88,0.897,1.082,0.185
3200,3,-31.21,-32.16,-32.742,-34.209,-36.024,-37.837,-38.642,-38.823,0.805,0.986,0.181
3200,3.5,-31.418,-32.394,-33.034,-34.4,-36.181,-37.853,-38.537,-38.753,0.684,0.9,0.216
3200,4,-31.424,-32.512,-33.319,-34.59,-36.28,-37.841,-38.462,-38.704,0.621,0.862,0.242
3200,4.5,-31.32,-32.574,-33.551,-34.754,-36.345,-37.827,-38.423,-38.681,0.596,0.853,0.257
3200,5,-31.05,-32.516,-33.593,-34.783,-36.354,-37.812,-38.402,-38.664,0.59,0.851,0.261
3200,5.5,-30.709,-32.468,-33.659,-34.844,-36.383,-37.818,-38.417,-38.672,0.599,0.854,0.255
3300,2.5,-31.147,-32.251,-32.902,-34.324,-36.094,-37.881,-38.81,-39.005,0.93,1.124,0.194
3300,3,-31.398,-32.477,-33.141,-34.487,-36.219,-37.916,-38.771,-38.953,0.855,1.037,0.182
3300,3.5,-31.633,-32.697,-33.4,-34.661,-36.36,-37.941,-38.678,-38.88,0.737,0.939,0.202
3300,4,-31.71,-32.846,-33.704,-34.875,-36.468,-37.934,-38.579,-38.814,0.646,0.881,0.235
3300,4.5,-31.666,-32.914,-33.906,-35.023,-36.529,-37.925,-38.535,-38.782,0.611,0.857,0.247
3300,5,-31.484,-32.905,-33.997,-35.094,-36.556,-37.918,-38.514,-38.764,0.596,0.846,0.25
3300,5.5,-31.211,-32.859,-34.061,-35.153,-36.573,-37.911,-38.509,-38.759,0.598,0.847,0.25
3400,2.5,-31.382,-32.645,-33.356,-34.627,-36.329,-37.966,-38.907,-39.111,0.941,1.145,0.204
3400,3,-31.605,-32.815,-33.553,-34.774,-36.418,-37.997,-38.884,-39.07,0.887,1.072,0.185
3400,3.5,-31.864,-33.002,-33.742,-34.904,-36.532,-38.028,-38.808,-39.001,0.779,0.973,0.193
3400,4,-31.959,-33.159,-34.071,-35.153,-36.643,-38.022,-38.7,-38.927,0.678,0.906,0.228
3400,4.5,-31.98,-33.246,-34.269,-35.306,-36.708,-38.019,-38.647,-38.887,0.629,0.868,0.24
3400,5,-31.854,-33.229,-34.344,-35.367,-36.721,-38.001,-38.603,-38.848,0.601,0.847,0.246
3400,5.5,-31.684,-33.24,-34.447,-35.46,-36.762,-38.012,-38.61,-38.852,0.598,0.841,0.242
3500,2.5,-31.634,-33.059,-33.844,-34.953,-36.562,-38.057,-38.989,-39.197,0.933,1.14,0.207
3500,3,-31.809,-33.183,-34.031,-35.11,-36.625,-38.073,-38.979,-39.168,0.906,1.096,0.19
3500,3.5,-31.986,-33.329,-34.259,-35.298,-36.719,-38.091,-38.912,-39.107,0.821,1.016,0.194
3500,4,-32.183,-33.457,-34.42,-35.42,-36.806,-38.106,-38.818,-39.037,0.713,0.931,0.218
3500,4.5,-32.248,-33.533,-34.588,-35.559,-36.862,-38.1,-38.742,-38.978,0.642,0.878,0.236
3500,5,-32.193,-33.546,-34.675,-35.635,-36.887,-38.092,-38.7,-38.94,0.608,0.848,0.24
3500,5.5,-32.065,-33.552,-34.76,-35.714,-36.918,-38.098,-38.695,-38.933,0.597,0.835,0.238
3600,2.5,-31.874,-33.493,-34.439,-35.38,-36.797,-38.134,-39.056,-39.264,0.923,1.13,0.207
3600,3,-32.043,-33.567,-34.523,-35.469,-36.83,-38.15,-39.059,-39.25,0.909,1.1,0.191
3600,3.5,-32.197,-33.65,-34.643,-35.586,-36.885,-38.167,-39.013,-39.203,0.846,1.036,0.189
3600,4,-32.396,-33.746,-34.756,-35.682,-36.959,-38.187,-38.934,-39.14,0.747,0.953,0.206
3600,4.5,-32.506,-33.825,-34.911,-35.821,-37.018,-38.186,-38.845,-39.074,0.66,0.888,0.229
3600,5,-32.506,-33.859,-34.997,-35.901,-37.053,-38.19,-38.806,-39.039,0.616,0.849,0.232
3600,5.5,-32.428,-33.854,-35.063,-35.967,-37.071,-38.184,-38.78,-39.014,0.597,0.831,0.234
3700,2.5,-32.112,-33.871,-34.95,-35.786,-36.987,-38.207,-39.112,-39.314,0.905,1.107,0.202
3700,3,-32.118,-33.689,-34.668,-35.581,-36.889,-38.179,-39.091,-39.278,0.912,1.099,0.187
3700,3.5,-32.431,-33.962,-35.009,-35.869,-37.043,-38.242,-39.1,-39.283,0.857,1.041,0.184
3700,4,-32.612,-34.022,-35.068,-35.931,-37.101,-38.264,-39.034,-39.228,0.77,0.964,0.195
3700,4.5,-32.741,-34.098,-35.206,-36.065,-37.161,-38.27,-38.948,-39.165,0.679,0.895,0.217
3700,5,-32.796,-34.147,-35.3,-36.157,-37.205,-38.277,-38.9,-39.126,0.623,0.849,0.226
3700,5.5,-32.77,-34.154,-35.361,-36.22,-37.226,-38.276,-38.873,-39.102,0.597,0.826,0.228
3800,2.5,-32.414,-34.201,-35.336,-36.109,-37.152,-38.292,-39.165,-39.36,0.873,1.068,0.195
3800,3,-32.576,-34.242,-35.346,-36.129,-37.172,-38.307,-39.179,-39.363,0.872,1.056,0.184
3800,3.5,-32.685,-34.261,-35.342,-36.139,-37.191,-38.321,-39.173,-39.351,0.852,1.029,0.177
3800,4,-32.831,-34.295,-35.367,-36.176,-37.238,-38.343,-39.124,-39.307,0.781,0.964,0.183
3800,4.5,-32.958,-34.344,-35.468,-36.286,-37.289,-38.346,-39.042,-39.245,0.696,0.899,0.203
3800,5,-33.04,-34.388,-35.551,-36.373,-37.331,-38.352,-38.98,-39.199,0.628,0.847,0.219
3800,5.5,-33.038,-34.392,-35.592,-36.42,-37.35,-38.353,-38.948,-39.171,0.596,0.818,0.223
3900,2.5,-32.726,-34.492,-35.662,-36.403,-37.301,-38.376,-39.213,-39.399,0.838,1.023,0.186
3900,3,-32.874,-34.532,-35.675,-36.42,-37.319,-38.387,-39.229,-39.406,0.842,1.019,0.177
3900,3.5,-32.965,-34.547,-35.656,-36.408,-37.335,-38.401,-39.234,-39.405,0.832,1.003,0.171
3900,4,-33.052,-34.558,-35.666,-36.434,-37.366,-38.415,-39.203,-39.375,0.788,0.96,0.173
3900,4.5,-33.185,-34.588,-35.716,-36.498,-37.413,-38.425,-39.135,-39.323,0.71,0.898,0.188
3900,5,-33.275,-34.62,-35.782,-36.574,-37.452,-38.429,-39.064,-39.271,0.635,0.842,0.207
3900,5.5,-33.312,-34.626,-35.82,-36.62,-37.472,-38.427,-39.019,-39.236,0.592,0.809,0.217
4000,2.5,-33.059,-34.761,-35.946,-36.669,-37.44,-38.459,-39.259,-39.436,0.801,0.977,0.176
4000,3,-33.19,-34.797,-35.952,-36.675,-37.455,-38.468,-39.276,-39.445,0.808,0.977,0.169
4000,3.5,-33.26,-34.809,-35.934,-36.658,-37.468,-38.479,-39.284,-39.448,0.805,0.969,0.164
4000,4,-33.309,-34.813,-35.925,-36.658,-37.49,-38.492,-39.273,-39.436,0.781,0.943,0.162
4000,4.5,-33.409,-34.825,-35.946,-36.695,-37.531,-38.504,-39.221,-39.394,0.717,0.89,0.173
4000,5,-33.517,-34.857,-36.015,-36.778,-37.574,-38.509,-39.156,-39.347,0.647,0.838,0.191
4000,5.5,-33.618,-34.859,-36.043,-36.821,-37.592,-38.494,-39.064,-39.279,0.569,0.785,0.215
4100,2.5,-33.419,-35.017,-36.196,-36.908,-37.574,-38.542,-39.303,-39.47,0.761,0.928,0.166
4100,3,-33.547,-35.001,-36.144,-36.91,-37.595,-38.557,-39.322,-39.482,0.766,0.926,0.16
4100,3.5,-33.59,-34.999,-36.124,-36.899,-37.604,-38.563,-39.334,-39.489,0.77,0.926,0.155
4100,4,-33.614,-34.994,-36.103,-36.888,-37.622,-38.576,-39.335,-39.489,0.759,0.913,0.153
4100,4.5,-33.67,-34.996,-36.105,-36.904,-37.658,-38.59,-39.306,-39.464,0.715,0.874,0.159
4100,5,-33.76,-35.001,-36.141,-36.955,-37.689,-38.589,-39.239,-39.415,0.65,0.826,0.176
4100,5.5,-33.812,-35.005,-36.158,-36.983,-37.714,-38.592,-39.191,-39.38,0.598,0.788,0.19
4200,2.5,-33.784,-35.258,-36.41,-37.102,-37.701,-38.624,-39.345,-39.502,0.722,0.879,0.157
4200,3,-33.886,-35.248,-36.365,-37.101,-37.72,-38.636,-39.363,-39.515,0.727,0.879,0.152
4200,3.5,-33.936,-35.25,-36.356,-37.103,-37.729,-38.641,-39.374,-39.522,0.734,0.881,0.147
4200,4,-33.922,-35.238,-36.33,-37.086,-37.741,-38.651,-39.383,-39.528,0.732,0.877,0.145
4200,4.5,-33.93,-35.226,-36.32,-37.091,-37.766,-38.662,-39.368,-39.516,0.706,0.854,0.148
4200,5,-33.997,-35.225,-36.337,-37.123,-37.799,-38.667,-39.321,-39.481,0.654,0.814,0.159
4200,5.5,-34.059,-35.227,-36.353,-37.149,-37.825,-38.67,-39.273,-39.447,0.603,0.776,0.173
4300,2.5,-34.135,-35.488,-36.602,-37.267,-37.825,-38.704,-39.387,-39.535,0.682,0.83,0.148
4300,3,-34.222,-35.484,-36.566,-37.27,-37.84,-38.714,-39.403,-39.547,0.689,0.833,0.144
4300,3.5,-34.283,-35.491,-36.563,-37.277,-37.849,-38.718,-39.414,-39.554,0.696,0.836,0.14
4300,4,-34.247,-35.474,-36.539,-37.266,-37.857,-38.725,-39.424,-39.562,0.699,0.837,0.138
4300,4.5,-34.226,-35.457,-36.525,-37.265,-37.874,-38.734,-39.422,-39.56,0.688,0.827,0.138
4300,5,-34.252,-35.451,-36.53,-37.285,-37.906,-38.744,-39.394,-39.539,0.649,0.795,0.145
4300,5.5,-34.296,-35.437,-36.532,-37.301,-37.929,-38.744,-39.343,-39.503,0.599,0.759,0.159
4400,2.5,-34.434,-35.695,-36.772,-37.409,-37.94,-38.78,-39.426,-39.567,0.646,0.786,0.141
4400,3,-34.547,-35.706,-36.751,-37.42,-37.955,-38.789,-39.442,-39.578,0.653,0.789,0.136
4400,3.5,-34.583,-35.712,-36.745,-37.425,-37.963,-38.794,-39.455,-39.587,0.661,0.793,0.132
4400,4,-34.573,-35.701,-36.731,-37.424,-37.971,-38.798,-39.462,-39.593,0.664,0.795,0.131
4400,4.5,-34.534,-35.682,-36.714,-37.423,-37.981,-38.805,-39.468,-39.598,0.663,0.793,0.13
4400,5,-34.515,-35.664,-36.708,-37.433,-38.007,-38.815,-39.451,-39.586,0.636,0.771,0.135
4400,5.5,-34.537,-35.643,-36.704,-37.444,-38.03,-38.815,-39.409,-39.555,0.594,0.74,0.146
4500,2.5,-34.775,-35.908,-36.944,-37.553,-38.058,-38.857,-39.464,-39.598,0.608,0.741,0.133
4500,3,-34.86,-35.916,-36.924,-37.558,-38.065,-38.861,-39.479,-39.608,0.617,0.747,0.129
4500,3.5,-34.895,-35.921,-36.916,-37.561,-38.07,-38.863,-39.49,-39.616,0.627,0.752,0.126
4500,4,-34.891,-35.919,-36.91,-37.568,-38.081,-38.87,-39.5,-39.624,0.63,0.754,0.124
4500,4.5,-34.845,-35.898,-36.893,-37.568,-38.089,-38.875,-39.506,-39.629,0.631,0.755,0.123
4500,5,-34.8,-35.874,-36.88,-37.573,-38.104,-38.882,-39.501,-39.627,0.62,0.745,0.126
4500,5.5,-34.795,-35.862,-36.881,-37.59,-38.134,-38.891,-39.477,-39.61,0.586,0.719,0.133
4600,2.5,-35.081,-36.099,-37.097,-37.68,-38.164,-38.925,-39.499,-39.627,0.574,0.702,0.127
4600,3,-35.157,-36.115,-37.086,-37.688,-38.172,-38.93,-39.514,-39.637,0.583,0.707,0.123
4600,3.5,-35.191,-36.118,-37.077,-37.689,-38.174,-38.931,-39.524,-39.644,0.593,0.713,0.12
4600,4,-35.19,-36.122,-37.075,-37.699,-38.186,-38.939,-39.536,-39.654,0.597,0.715,0.118
4600,4.5,-35.142,-36.104,-37.059,-37.7,-38.192,-38.943,-39.543,-39.66,0.601,0.717,0.116
4600,5,-35.085,-36.081,-37.046,-37.705,-38.204,-38.949,-39.545,-39.663,0.595,0.714,0.118
4600,5.5,-35.047,-36.058,-37.038,-37.717,-38.226,-38.957,-39.53,-39.653,0.573,0.695,0.123
4700,2.5,-35.364,-36.278,-37.24,-37.799,-38.264,-38.99,-39.534,-39.655,0.544,0.665,0.121
4700,3,-35.439,-36.301,-37.238,-37.81,-38.273,-38.996,-39.548,-39.665,0.552,0.669,0.117
4700,3.5,-35.478,-36.309,-37.232,-37.812,-38.276,-38.997,-39.557,-39.672,0.56,0.675,0.115
4700,4,-35.472,-36.313,-37.23,-37.822,-38.287,-39.004,-39.569,-39.682,0.565,0.678,0.113
4700,4.5,-35.431,-36.299,-37.218,-37.826,-38.294,-39.009,-39.576,-39.688,0.568,0.679,0.112
4700,5,-35.367,-36.278,-37.204,-37.83,-38.302,-39.014,-39.581,-39.693,0.567,0.679,0.112
4700,5.5,-35.307,-36.251,-37.191,-37.837,-38.317,-39.021,-39.575,-39.69,0.555,0.67,0.115
4800,2.5,-35.643,-36.453,-37.379,-37.916,-38.363,-39.054,-39.568,-39.683,0.514,0.63,0.115
4800,3,-35.711,-36.479,-37.382,-37.927,-38.372,-39.06,-39.581,-39.694,0.521,0.634,0.112
4800,3.5,-35.741,-36.483,-37.373,-37.925,-38.371,-39.059,-39.59,-39.699,0.531,0.64,0.109
4800,4,-35.735,-36.489,-37.373,-37.936,-38.382,-39.066,-39.601,-39.709,0.535,0.643,0.108
4800,4.5,-35.703,-36.482,-37.366,-37.943,-38.39,-39.071,-39.608,-39.715,0.537,0.644,0.107
4800,5,-35.639,-36.464,-37.353,-37.947,-38.397,-39.076,-39.615,-39.722,0.538,0.645,0.107
4800,5.5,-35.575,-36.447,-37.345,-37.958,-38.411,-39.086,-39.621,-39.728,0.535,0.642,0.107
4900,2.5,-35.908,-36.623,-37.512,-38.028,-38.458,-39.115,-39.601,-39.711,0.486,0.596,0.11
4900,3,-35.967,-36.646,-37.516,-38.037,-38.466,-39.12,-39.613,-39.721,0.493,0.601,0.107
4900,3.5,-35.999,-36.657,-37.516,-38.041,-38.469,-39.123,-39.623,-39.728,0.5,0.606,0.105
4900,4,-35.994,-36.661,-37.513,-38.048,-38.476,-39.127,-39.633,-39.736,0.506,0.609,0.103
4900,4.5,-35.955,-36.652,-37.503,-38.051,-38.48,-39.13,-39.64,-39.742,0.51,0.612,0.102
4900,5,-35.898,-36.639,-37.494,-38.058,-38.488,-39.136,-39.646,-39.748,0.51,0.612,0.102
4900,5.5,-35.822,-36.616,-37.48,-38.064,-38.497,-39.142,-39.651,-39.754,0.509,0.612,0.103
5000,2.5,-36.153,-36.773,-37.627,-38.124,-38.539,-39.163,-39.625,-39.73,0.461,0.566,0.105
5000,3,-36.211,-36.805,-37.643,-38.142,-38.554,-39.178,-39.646,-39.748,0.468,0.57,0.102
5000,3.5,-36.24,-36.816,-37.643,-38.145,-38.557,-39.18,-39.654,-39.754,0.474,0.575,0.1
5000,4,-36.236,-36.821,-37.644,-38.153,-38.565,-39.185,-39.663,-39.762,0.478,0.577,0.099
5000,4.5,-36.202,-36.816,-37.637,-38.157,-38.569,-39.189,-39.671,-39.769,0.482,0.58,0.098
5000,5,-36.145,-36.803,-37.628,-38.164,-38.576,-39.193,-39.677,-39.775,0.483,0.581,0.098
5000,5.5,-36.072,-36.782,-37.614,-38.168,-38.583,-39.198,-39.681,-39.779,0.483,0.581,0.098
5100,2.5,-36.387,-36.929,-37.749,-38.226,-38.626,-39.219,-39.656,-39.756,0.436,0.536,0.1
5100,3,-36.44,-36.958,-37.764,-38.242,-38.64,-39.233,-39.676,-39.774,0.443,0.541,0.098
5100,3.5,-36.467,-36.967,-37.764,-38.244,-38.642,-39.235,-39.685,-39.781,0.45,0.546,0.096
5100,4,-36.469,-36.974,-37.767,-38.253,-38.65,-39.241,-39.693,-39.788,0.452,0.547,0.095
5100,4.5,-36.434,-36.968,-37.761,-38.257,-38.653,-39.243,-39.7,-39.794,0.457,0.551,0.094
5100,5,-36.382,-36.96,-37.755,-38.264,-38.661,-39.249,-39.707,-39.801,0.458,0.552,0.094
5100,5.5,-36.304,-36.943,-37.742,-38.269,-38.666,-39.253,-39.715,-39.808,0.462,0.554,0.092
5200,2.5,-36.6,-37.086,-37.872,-38.331,-38.717,-39.282,-39.695,-39.79,0.413,0.508,0.095
5200,3,-36.658,-37.106,-37.879,-38.338,-38.722,-39.286,-39.706,-39.799,0.419,0.513,0.094
5200,3.5,-36.682,-37.112,-37.879,-38.34,-38.723,-39.288,-39.715,-39.806,0.427,0.518,0.092
5200,4,-36.686,-37.118,-37.882,-38.348,-38.73,-39.293,-39.723,-39.813,0.429,0.52,0.091
5200,4.5,-36.655,-37.115,-37.879,-38.352,-38.734,-39.296,-39.73,-39.82,0.433,0.523,0.09
5200,5,-36.61,-37.109,-37.875,-38.36,-38.742,-39.302,-39.736,-39.826,0.434,0.524,0.09
5200,5.5,-36.54,-37.096,-37.867,-38.368,-38.749,-39.308,-39.743,-39.832,0.435,0.525,0.089
5300,2.5,-36.805,-37.231,-37.982,-38.423,-38.795,-39.332,-39.722,-39.814,0.39,0.482,0.091
5300,3,-36.863,-37.248,-37.989,-38.43,-38.8,-39.337,-39.734,-39.824,0.397,0.487,0.09
5300,3.5,-36.893,-37.254,-37.991,-38.433,-38.803,-39.34,-39.742,-39.831,0.403,0.491,0.088
5300,4,-36.896,-37.259,-37.994,-38.44,-38.809,-39.345,-39.752,-39.839,0.407,0.494,0.087
5300,4.5,-36.867,-37.254,-37.99,-38.443,-38.812,-39.347,-39.758,-39.844,0.411,0.497,0.086
5300,5,-36.822,-37.247,-37.987,-38.45,-38.819,-39.352,-39.763,-39.849,0.411,0.498,0.086
5300,5.5,-36.757,-37.239,-37.982,-38.459,-38.826,-39.358,-39.771,-39.857,0.413,0.499,0.086
5400,2.5,-36.995,-37.37,-38.087,-38.511,-38.87,-39.381,-39.75,-39.838,0.369,0.457,0.088
5400,3,-37.054,-37.385,-38.094,-38.517,-38.875,-39.386,-39.762,-39.848,0.376,0.462,0.086
5400,3.5,-37.085,-37.39,-38.096,-38.521,-38.878,-39.389,-39.771,-39.855,0.382,0.466,0.085
5400,4,-37.092,-37.393,-38.1,-38.527,-38.884,-39.394,-39.779,-39.863,0.386,0.469,0.084
5400,4.5,-37.067,-37.388,-38.097,-38.531,-38.886,-39.396,-39.786,-39.868,0.39,0.472,0.083
5400,5,-37.031,-37.383,-38.096,-38.539,-38.894,-39.401,-39.791,-39.873,0.389,0.472,0.083
5400,5.5,-36.973,-37.379,-38.094,-38.549,-38.903,-39.408,-39.8,-39.881,0.392,0.473,0.082
5500,2.5,-37.173,-37.505,-38.19,-38.596,-38.942,-39.428,-39.776,-39.861,0.348,0.433,0.085
5500,3,-37.232,-37.518,-38.196,-38.602,-38.947,-39.433,-39.788,-39.871,0.355,0.438,0.083
5500,3.5,-37.268,-37.523,-38.2,-38.607,-38.951,-39.437,-39.798,-39.88,0.361,0.443,0.081
5500,4,-37.276,-37.522,-38.2,-38.611,-38.955,-39.441,-39.806,-39.886,0.365,0.446,0.08
5500,4.5,-37.258,-37.517,-38.198,-38.614,-38.958,-39.443,-39.813,-39.892,0.37,0.448,0.079
5500,5,-37.231,-37.517,-38.202,-38.626,-38.968,-39.45,-39.82,-39.899,0.369,0.448,0.079
5500,5.5,-37.17,-37.506,-38.197,-38.632,-38.973,-39.455,-39.826,-39.904,0.371,0.45,0.079
5600,2.5,-37.333,-37.635,-38.289,-38.679,-39.011,-39.474,-39.802,-39.884,0.328,0.41,0.082
5600,3,-37.396,-37.646,-38.295,-38.685,-39.017,-39.48,-39.814,-39.895,0.334,0.415,0.081
5600,3.5,-37.43,-37.643,-38.293,-38.686,-39.019,-39.481,-39.823,-39.902,0.341,0.42,0.079
5600,4,-37.445,-37.645,-38.297,-38.692,-39.024,-39.486,-39.832,-39.91,0.346,0.423,0.077
5600,4.5,-37.432,-37.639,-38.295,-38.695,-39.027,-39.489,-39.839,-39.915,0.35,0.426,0.076
5600,5,-37.412,-37.639,-38.3,-38.707,-39.037,-39.496,-39.846,-39.922,0.35,0.426,0.076
5600,5.5,-37.358,-37.63,-38.297,-38.713,-39.043,-39.5,-39.852,-39.927,0.352,0.427,0.075
5700,2.5,-37.487,-37.762,-38.385,-38.76,-39.078,-39.518,-39.826,-39.906,0.308,0.388,0.08
5700,3,-37.549,-37.77,-38.39,-38.765,-39.084,-39.524,-39.839,-39.917,0.315,0.393,0.078
5700,3.5,-37.589,-37.767,-38.39,-38.767,-39.087,-39.527,-39.849,-39.926,0.322,0.398,0.077
5700,4,-37.608,-37.766,-38.392,-38.772,-39.092,-39.531,-39.858,-39.932,0.327,0.401,0.075
5700,4.5,-37.601,-37.759,-38.389,-38.774,-39.094,-39.533,-39.865,-39.937,0.331,0.404,0.073
5700,5,-37.586,-37.757,-38.394,-38.784,-39.104,-39.54,-39.872,-39.944,0.332,0.405,0.073
5700,5.5,-37.509,-37.72,-38.371,-38.775,-39.099,-39.534,-39.865,-39.941,0.331,0.407,0.076
5800,2.5,-37.624,-37.878,-38.471,-38.83,-39.136,-39.554,-39.843,-39.921,0.289,0.367,0.078
5800,3,-37.694,-37.891,-38.483,-38.843,-39.15,-39.567,-39.863,-39.939,0.295,0.372,0.076
5800,3.5,-37.735,-37.885,-38.48,-38.843,-39.152,-39.57,-39.873,-39.947,0.303,0.378,0.074
5800,4,-37.761,-37.883,-38.482,-38.848,-39.157,-39.574,-39.882,-39.954,0.308,0.38,0.072
5800,4.5,-37.759,-37.874,-38.479,-38.849,-39.158,-39.576,-39.889,-39.959,0.314,0.383,0.07
5800,5,-37.748,-37.871,-38.484,-38.859,-39.168,-39.582,-39.897,-39.967,0.315,0.385,0.07
5800,5.5,-37.712,-37.865,-38.484,-38.867,-39.175,-39.587,-39.903,-39.972,0.315,0.385,0.07
5900,2.5,-37.761,-38,-38.563,-38.907,-39.199,-39.596,-39.866,-39.943,0.27,0.347,0.077
5900,3,-37.831,-38.009,-38.573,-38.918,-39.212,-39.609,-39.886,-39.961,0.277,0.352,0.075
5900,3.5,-37.874,-38.001,-38.569,-38.918,-39.214,-39.611,-39.897,-39.969,0.286,0.358,0.072
5900,4,-37.904,-37.996,-38.57,-38.921,-39.219,-39.615,-39.906,-39.976,0.291,0.361,0.07
5900,4.5,-37.913,-37.987,-38.569,-38.925,-39.223,-39.619,-39.914,-39.982,0.295,0.364,0.068
5900,5,-37.904,-37.982,-38.57,-38.931,-39.23,-39.623,-39.921,-39.988,0.298,0.365,0.068
5900,5.5,-37.878,-37.978,-38.573,-38.941,-39.238,-39.629,-39.928,-39.995,0.299,0.366,0.066
6000,2.5,-37.912,-38.132,-38.657,-38.981,-39.258,-39.635,-39.891,-39.966,0.255,0.33,0.075
6000,3,-37.966,-38.125,-38.656,-38.985,-39.266,-39.643,-39.906,-39.979,0.263,0.336,0.073
6000,3.5,-38.02,-38.121,-38.659,-38.991,-39.274,-39.651,-39.92,-39.99,0.269,0.339,0.071
6000,4,-38.042,-38.106,-38.653,-38.99,-39.276,-39.653,-39.928,-39.996,0.275,0.343,0.068
6000,4.5,-38.055,-38.093,-38.65,-38.993,-39.282,-39.657,-39.935,-40.003,0.279,0.346,0.067
6000,5,-38.05,-38.085,-38.651,-38.998,-39.287,-39.661,-39.943,-40.008,0.282,0.348,0.066
6000,5.5,-38.029,-38.08,-38.653,-39.007,-39.295,-39.666,-39.95,-40.015,0.283,0.348,0.065
6100,2.5,-38.045,-38.252,-38.743,-39.052,-39.316,-39.674,-39.912,-39.985,0.238,0.311,0.073
6100,3,-38.09,-38.238,-38.741,-39.056,-39.324,-39.682,-39.928,-39.999,0.245,0.317,0.072
6100,3.5,-38.144,-38.232,-38.744,-39.062,-39.333,-39.69,-39.942,-40.011,0.252,0.321,0.069
6100,4,-38.173,-38.215,-38.735,-39.059,-39.335,-39.692,-39.95,-40.017,0.259,0.325,0.066
6100,4.5,-38.19,-38.198,-38.73,-39.06,-39.338,-39.694,-39.958,-40.023,0.264,0.328,0.065
6100,5,-38.192,-38.19,-38.732,-39.067,-39.346,-39.699,-39.965,-40.029,0.266,0.33,0.064
6100,5.5,-38.176,-38.182,-38.733,-39.073,-39.352,-39.704,-39.972,-40.035,0.268,0.331,0.063
6200,2.5,-38.159,-38.363,-38.826,-39.12,-39.371,-39.711,-39.932,-40.003,0.221,0.293,0.071
6200,3,-38.206,-38.347,-38.823,-39.124,-39.38,-39.72,-39.948,-40.018,0.229,0.299,0.07
6200,3.5,-38.251,-38.332,-38.82,-39.126,-39.386,-39.726,-39.963,-40.031,0.237,0.305,0.067
6200,4,-38.294,-38.319,-38.815,-39.126,-39.39,-39.729,-39.972,-40.037,0.243,0.308,0.065
6200,4.5,-38.317,-38.302,-38.811,-39.128,-39.395,-39.733,-39.981,-40.044,0.248,0.311,0.063
6200,5,-38.326,-38.29,-38.809,-39.132,-39.401,-39.736,-39.988,-40.049,0.252,0.313,0.061
6200,5.5,-38.315,-38.281,-38.809,-39.137,-39.407,-39.741,-39.994,-40.055,0.254,0.314,0.061
6300,2.5,-38.259,-38.467,-38.906,-39.186,-39.424,-39.746,-39.952,-40.022,0.206,0.276,0.07
6300,3,-38.315,-38.453,-38.904,-39.19,-39.434,-39.756,-39.968,-40.037,0.213,0.281,0.069
6300,3.5,-38.364,-38.435,-38.897,-39.19,-39.438,-39.761,-39.983,-40.049,0.222,0.288,0.066
6300,4,-38.407,-38.42,-38.893,-39.191,-39.444,-39.765,-39.994,-40.057,0.228,0.291,0.063
6300,4.5,-38.436,-38.4,-38.886,-39.191,-39.448,-39.768,-40.002,-40.063,0.234,0.295,0.061
6300,5,-38.451,-38.389,-38.885,-39.195,-39.455,-39.772,-40.01,-40.07,0.238,0.297,0.059
6300,5.5,-38.446,-38.378,-38.885,-39.201,-39.461,-39.777,-40.017,-40.075,0.24,0.299,0.059
6400,2.5,-38.36,-38.571,-38.985,-39.251,-39.475,-39.781,-39.971,-40.04,0.191,0.26,0.069
6400,3,-38.417,-38.556,-38.983,-39.256,-39.486,-39.791,-39.989,-40.057,0.197,0.265,0.068
6400,3.5,-38.47,-38.538,-38.975,-39.254,-39.491,-39.796,-40.002,-40.067,0.206,0.271,0.065
6400,4,-38.513,-38.519,-38.968,-39.253,-39.496,-39.8,-40.014,-40.076,0.214,0.276,0.062
6400,4.5,-38.547,-38.499,-38.963,-39.255,-39.501,-39.804,-40.024,-40.084,0.22,0.279,0.06
6400,5,-38.567,-38.484,-38.959,-39.257,-39.507,-39.807,-40.032,-40.089,0.224,0.282,0.058
6400,5.5,-38.571,-38.473,-38.958,-39.262,-39.513,-39.811,-40.039,-40.095,0.228,0.284,0.056
6500,2.5,-38.458,-38.678,-39.065,-39.315,-39.525,-39.814,-39.988,-40.057,0.174,0.243,0.069
6500,3,-38.512,-38.656,-39.058,-39.317,-39.535,-39.825,-40.007,-40.074,0.182,0.249,0.067
6500,3.5,-38.561,-38.633,-39.048,-39.314,-39.54,-39.829,-40.021,-40.085,0.191,0.256,0.064
6500,4,-38.613,-38.615,-39.042,-39.315,-39.546,-39.835,-40.034,-40.095,0.199,0.26,0.061
6500,4.5,-38.655,-38.592,-39.033,-39.314,-39.551,-39.837,-40.043,-40.102,0.206,0.264,0.058
6500,5,-38.678,-38.576,-39.03,-39.316,-39.556,-39.841,-40.053,-40.108,0.212,0.267,0.056
6500,5.5,-38.689,-38.564,-39.029,-39.321,-39.563,-39.845,-40.061,-40.115,0.216,0.269,0.054
6600,2.5,-38.529,-38.765,-39.137,-39.374,-39.571,-39.847,-40.011,-40.079,0.165,0.232,0.068
6600,3,-38.604,-38.754,-39.133,-39.378,-39.583,-39.857,-40.026,-40.091,0.169,0.234,0.066
6600,3.5,-38.66,-38.733,-39.124,-39.377,-39.59,-39.863,-40.039,-40.103,0.176,0.24,0.064
6600,4,-38.71,-38.71,-39.115,-39.375,-39.595,-39.868,-40.053,-40.113,0.185,0.245,0.06
6600,4.5,-38.754,-38.684,-39.104,-39.373,-39.6,-39.871,-40.063,-40.12,0.192,0.249,0.057
6600,5,-38.783,-38.665,-39.099,-39.374,-39.605,-39.874,-40.073,-40.127,0.199,0.253,0.054
6600,5.5,-38.8,-38.652,-39.098,-39.378,-39.612,-39.878,-40.082,-40.134,0.204,0.256,0.052
6700,2.5,-38.59,-38.853,-39.212,-39.438,-39.622,-39.882,-40.035,-40.102,0.153,0.219,0.067
6700,3,-38.693,-38.85,-39.206,-39.437,-39.629,-39.889,-40.043,-40.108,0.155,0.22,0.065
6700,3.5,-38.749,-38.823,-39.196,-39.437,-39.639,-39.896,-40.057,-40.121,0.161,0.225,0.064
6700,4,-38.797,-38.799,-39.185,-39.433,-39.642,-39.9,-40.072,-40.131,0.172,0.231,0.059
6700,4.5,-38.844,-38.774,-39.173,-39.43,-39.646,-39.902,-40.081,-40.137,0.18,0.235,0.056
6700,5,-38.88,-38.752,-39.167,-39.431,-39.652,-39.906,-40.093,-40.146,0.187,0.24,0.053
6700,5.5,-38.904,-38.738,-39.164,-39.434,-39.659,-39.91,-40.102,-40.152,0.192,0.242,0.05
6800,2.5,-38.659,-38.939,-39.286,-39.503,-39.673,-39.918,-40.058,-40.123,0.14,0.205,0.065
6800,3,-38.78,-38.946,-39.278,-39.494,-39.673,-39.918,-40.06,-40.124,0.141,0.205,0.064
6800,3.5,-38.833,-38.917,-39.268,-39.496,-39.685,-39.928,-40.075,-40.138,0.148,0.21,0.063
6800,4,-38.883,-38.888,-39.255,-39.491,-39.688,-39.931,-40.09,-40.148,0.158,0.217,0.059
6800,4.5,-38.931,-38.862,-39.243,-39.486,-39.692,-39.933,-40.101,-40.155,0.167,0.222,0.054
6800,5,-38.974,-38.837,-39.233,-39.486,-39.699,-39.937,-40.111,-40.163,0.174,0.226,0.052
6800,5.5,-39.001,-38.82,-39.229,-39.488,-39.704,-39.941,-40.122,-40.171,0.181,0.23,0.049
6900,2.5,-38.79,-39.052,-39.354,-39.551,-39.709,-39.94,-40.066,-40.129,0.125,0.189,0.064
6900,3,-38.863,-39.036,-39.347,-39.549,-39.715,-39.947,-40.077,-40.142,0.13,0.195,0.064
6900,3.5,-38.913,-39.008,-39.338,-39.552,-39.728,-39.958,-40.093,-40.154,0.135,0.197,0.062
6900,4,-38.967,-38.976,-39.324,-39.547,-39.734,-39.962,-40.107,-40.165,0.145,0.203,0.058
6900,4.5,-39.013,-38.946,-39.309,-39.541,-39.736,-39.963,-40.118,-40.172,0.154,0.208,0.054
6900,5,-39.06,-38.92,-39.298,-39.539,-39.742,-39.967,-40.13,-40.18,0.163,0.213,0.05
6900,5.5,-39.095,-38.9,-39.292,-39.541,-39.749,-39.971,-40.14,-40.188,0.169,0.217,0.048
7000,2.5,-38.88,-39.144,-39.421,-39.604,-39.75,-39.968,-40.081,-40.144,0.113,0.176,0.063
7000,3,-38.943,-39.124,-39.414,-39.602,-39.756,-39.975,-40.093,-40.157,0.118,0.182,0.064
7000,3.5,-38.989,-39.095,-39.405,-39.606,-39.769,-39.986,-40.109,-40.17,0.123,0.184,0.061
7000,4,-39.041,-39.064,-39.392,-39.603,-39.777,-39.991,-40.122,-40.18,0.131,0.189,0.058
7000,4.5,-39.093,-39.031,-39.376,-39.597,-39.781,-39.994,-40.135,-40.189,0.141,0.195,0.054
7000,5,-39.14,-39.001,-39.363,-39.593,-39.786,-39.997,-40.148,-40.197,0.151,0.2,0.049
7000,5.5,-39.182,-38.979,-39.354,-39.593,-39.792,-40,-40.159,-40.205,0.159,0.205,0.046
