Name,RA,DEC,ALLWISE
AWI0000zlq,06:03:22.15,+25:26:46.9,J060322.15+252646.9
AWI0003m08,06:10:26.95,+14:12:49.8,J061026.95+141249.8
AWI000638h,06:16:51.64,-08:13:33.4,J061651.64-081333.4
AWI0004ymh,06:26:27.38,+12:24:07.6,J062627.38+122407.6
AWI0000zte,06:32:10.49,+12:29:04.2,J063210.49+122904.2
AWI0004elm,06:33:29.64,-01:29:48.5,J063329.64-012948.5
AWI00042bj,06:49:30.10,-05:57:15.8,J064930.10-055715.8
AWI0003cw5,06:50:31.60,-03:08:43.2,J065031.60-030843.2
AWI0005ahj,07:30:36.97,+15:34:26.0,J073036.97+153426.0
AWI0005cve,08:27:40.47,+19:15:43.9,J082740.47+191543.9
AWI0000632,08:37:37.22,+39:58:03.7,J083737.22+395803.7
AWI00002li,10:51:01.63,+81:25:04.1,J105101.63+812504.1
AWI0000vk9,12:23:37.85,-07:14:56.4,J122337.85-071456.4
AWI00063wd,12:47:41.43,+34:22:54.0,J124741.43+342254.0
AWI0005dw9,13:01:53.64,+65:54:07.3,J130153.64+655407.3
AWI00063ys,13:24:22.79,+48:04:38.1,J132422.79+480438.1
AWI0005dcq,14:01:06.49,+76:44:53.2,J140106.49+764453.2
AWI0000s7h,14:33:12.62,+00:40:05.4,J143312.62+004005.4
AWI0000wip,14:59:06.44,+06:31:44.7,J145906.44+063144.7
AWI000644v,15:00:31.17,+25:22:25.8,J150031.17+252225.8
AWI00005bs,16:20:51.97,+04:51:35.5,J162051.97+045135.5
AWI0005dtm,16:23:13.17,+44:08:28.2,J162313.17+440828.2
AWI00000rw,16:46:15.05,+53:11:54.4,J164615.05+531154.4
AWI0005cjn,16:47:48.85,-06:46:08.3,J164748.85-064608.3
AWI0005cki,16:59:20.50,-08:07:03.5,J165920.50-080703.5
AWI0005bhp,17:18:23.39,-01:47:27.6,J171823.39-014727.6
AWI0005bhs,17:18:44.28,-08:18:50.3,J171844.28-081850.3
AWI0005bje,17:25:53.58,-00:51:25.9,J172553.58-005125.9
AWI00000ou,17:32:19.81,+37:44:14.3,J173219.81+374414.3
AWI0005bkw,17:33:12.26,-02:14:37.0,J173312.26-021437.0
AWI00058t5,17:35:46.11,-09:41:09.9,J173546.11-094109.9
AWI00058w0,17:39:34.54,-07:11:27.3,J173934.54-071127.3
AWI00058wf,17:40:06.02,-05:26:03.7,J174006.02-052603.7
AWI00058wu,17:40:47.25,-09:40:59.0,J174047.25-094059.0
AWI0005bmt,17:43:21.87,+01:02:00.4,J174321.87+010200.4
AWI00058zj,17:44:39.16,-06:48:54.7,J174439.16-064854.7
AWI0005jzo,17:45:28.42,-09:56:20.0,J174528.42-095620.0
AWI0005cob,17:47:06.74,+14:44:12.3,J174706.74+144412.3
AWI0005cog,17:48:12.06,+18:04:35.8,J174812.06+180435.8
AWI0005929,17:50:18.81,-05:11:09.9,J175018.81-051109.9
AWI0005bny,17:50:21.75,+13:27:03.1,J175021.75+132703.1
AWI000592t,17:51:20.20,-06:44:47.5,J175120.20-064447.5
AWI000592u,17:51:22.62,-00:18:45.4,J175122.62-001845.4
AWI000593x,17:52:56.12,-04:49:45.2,J175256.12-044945.2
AWI0005kar,17:53:31.77,-07:29:47.3,J175331.77-072947.3
AWI000594w,17:54:24.92,-03:26:37.9,J175424.92-032637.9
AWI0005kez,17:56:49.61,-09:21:07.3,J175649.61-092107.3
AWI000596t,17:58:24.68,+04:09:05.2,J175824.68+040905.2
AWI0005kh3,17:58:30.56,-07:44:46.2,J175830.56-074446.2
AWI0005kht,17:59:15.82,-07:43:55.1,J175915.82-074355.1
AWI0005979,17:59:26.80,-00:50:26.2,J175926.80-005026.2
AWI0002l7c,18:00:35.10,-09:51:00.1,J180035.10-095100.1
AWI0005kj8,18:00:35.64,-08:38:32.2,J180035.64-083832.2
AWI0005kjf,18:00:44.74,-05:03:09.7,J180044.74-050309.7
AWI000598c,18:01:07.50,+03:33:01.9,J180107.50+033301.9
AWI0005kla,18:02:25.11,-04:14:00.3,J180225.11-041400.3
AWI0005klb,18:02:26.40,-02:42:43.7,J180226.40-024243.7
AWI0002l9w,18:02:33.93,-08:12:57.7,J180233.93-081257.7
AWI0005klh,18:02:36.91,-07:48:02.5,J180236.91-074802.5
AWI0005klr,18:02:49.97,-05:53:10.0,J180249.97-055310.0
AWI0005klx,18:02:56.33,-05:38:36.6,J180256.33-053836.6
AWI0005km2,18:03:05.67,-05:45:04.5,J180305.67-054504.5
AWI0005km3,18:03:08.45,-06:35:31.1,J180308.45-063531.1
AWI0002lcs,18:04:21.91,-08:24:51.1,J180421.91-082451.1
AWI0005cpg,18:04:38.74,+32:41:40.5,J180438.74+324140.5
AWI0005kns,18:04:45.57,-06:09:27.6,J180445.57-060927.6
AWI0005knx,18:04:52.25,-05:09:38.3,J180452.25-050938.3
AWI0005ko6,18:05:03.59,-02:00:02.7,J180503.59-020002.7
AWI0005kod,18:05:12.64,-04:52:25.8,J180512.64-045225.8
AWI0005koq,18:05:42.91,-06:41:40.7,J180542.91-064140.7
AWI0005kor,18:05:44.36,-06:25:38.1,J180544.36-062538.1
AWI0005kow,18:05:51.63,-03:17:12.4,J180551.63-031712.4
AWI0005kp9,18:06:12.10,-03:13:02.4,J180612.10-031302.4
AWI0002lgr,18:07:13.65,-08:42:04.8,J180713.65-084204.8
AWI0005kqc,18:07:33.17,-05:05:36.0,J180733.17-050536.0
AWI0005kqh,18:07:46.79,-01:35:30.6,J180746.79-013530.6
AWI00059bb,18:08:03.10,+06:14:14.3,J180803.10+061414.3
AWI0002li2,18:08:11.77,-08:53:27.1,J180811.77-085327.1
AWI0005kqu,18:08:18.44,-04:25:51.9,J180818.44-042551.9
AWI0002lij,18:08:33.28,-05:36:46.8,J180833.28-053646.8
AWI0005krx,18:09:35.41,-03:09:18.4,J180935.41-030918.4
AWI0005kry,18:09:35.41,-03:49:44.9,J180935.41-034944.9
AWI0002a6f,18:09:40.40,-09:25:34.5,J180940.40-092534.5
AWI0002llc,18:10:31.29,-05:24:29.9,J181031.29-052429.9
AWI0005kss,18:10:33.69,-02:04:34.5,J181033.69-020434.5
AWI0002llp,18:10:46.16,-04:35:42.8,J181046.16-043542.8
AWI0005kt6,18:11:00.45,-03:24:10.3,J181100.45-032410.3
AWI0002lmh,18:11:19.47,-06:03:55.9,J181119.47-060355.9
AWI0002lms,18:11:27.89,-05:16:28.8,J181127.89-051628.8
AWI0005bqk,18:11:41.15,+26:25:56.9,J181141.15+262556.9
AWI0002lnr,18:12:10.61,-03:52:02.2,J181210.61-035202.2
AWI0002a9h,18:12:35.30,-07:54:02.1,J181235.30-075402.1
AWI0002lop,18:12:54.45,-06:01:25.8,J181254.45-060125.8
AWI00059dh,18:12:59.74,+04:20:35.2,J181259.74+042035.2
AWI0005kuk,18:13:07.10,-00:15:22.9,J181307.10-001522.9
AWI0005kuo,18:13:13.62,-01:21:29.1,J181313.62-012129.1
AWI0005kus,18:13:20.83,+00:37:24.1,J181320.83+003724.1
AWI0002lpa,18:13:21.09,-06:39:20.7,J181321.09-063920.7
AWI0005kut,18:13:23.16,-02:45:30.1,J181323.16-024530.1
AWI0002lpf,18:13:27.61,-03:23:51.7,J181327.61-032351.7
AWI0002lq9,18:14:17.27,-03:46:08.5,J181417.27-034608.5
AWI0002lqi,18:14:36.64,-04:26:41.6,J181436.64-042641.6
AWI0005kvv,18:14:44.90,-01:24:19.0,J181444.90-012419.0
AWI0005kw0,18:14:56.84,-01:23:30.0,J181456.84-012330.0
AWI0002lqy,18:14:59.62,-03:27:24.2,J181459.62-032724.2
AWI0002lr4,18:15:07.01,-03:05:06.3,J181507.01-030506.3
AWI00059et,18:16:08.03,+14:26:57.0,J181608.03+142657.0
AWI0002ls8,18:16:15.72,-04:18:17.1,J181615.72-041817.1
AWI0002lst,18:16:39.85,-02:12:57.6,J181639.85-021257.6
AWI0002lti,18:17:04.13,-02:04:22.6,J181704.13-020422.6
AWI0002af4,18:17:31.75,-07:03:50.2,J181731.75-070350.2
AWI0005kyr,18:18:02.00,+01:45:24.5,J181802.00+014524.5
AWI0005kyx,18:18:15.49,+01:30:23.3,J181815.49+013023.3
AWI0005brj,18:18:31.48,+19:16:06.5,J181831.48+191606.5
AWI0002lvk,18:18:48.32,-03:02:46.3,J181848.32-030246.3
AWI0002agm,18:18:50.65,-05:12:19.7,J181850.65-051219.7
AWI0002lw1,18:19:10.68,-04:26:32.7,J181910.68-042632.7
AWI0005kzt,18:19:18.89,-00:18:22.0,J181918.89-001822.0
AWI0002ahg,18:19:28.66,-05:03:50.7,J181928.66-050350.7
AWI0005l02,18:19:34.87,+01:11:19.1,J181934.87+011119.1
AWI0005brp,18:19:35.73,+18:39:17.2,J181935.73+183917.2
AWI0002lwl,18:19:38.34,-02:59:03.2,J181938.34-025903.2
AWI0002lwt,18:19:44.62,-01:52:07.6,J181944.62-015207.6
AWI0002ahw,18:19:45.42,-05:51:04.7,J181945.42-055104.7
AWI0001zp7,18:19:50.48,-06:44:21.0,J181950.48-064421.0
AWI0005l0a,18:19:58.67,+01:05:27.5,J181958.67+010527.5
AWI0002lxe,18:20:17.20,-02:20:19.5,J182017.20-022019.5
AWI0001zq8,18:20:26.89,-07:03:38.9,J182026.89-070338.9
AWI0002lxk,18:20:32.45,-00:36:55.7,J182032.45-003655.7
AWI0002air,18:20:41.64,-04:27:44.2,J182041.64-042744.2
AWI0001zr2,18:20:57.99,-06:31:07.5,J182057.99-063107.5
AWI0001zr8,18:21:00.90,-06:33:16.6,J182100.90-063316.6
AWI0002lyb,18:21:26.20,-00:00:21.1,J182126.20-000021.1
AWI0001l70,18:21:41.70,-09:31:44.9,J182141.70-093144.9
AWI0001l8a,18:22:13.09,-08:12:35.2,J182213.09-081235.2
AWI0002lz6,18:22:19.09,-02:52:53.2,J182219.09-025253.2
AWI0002akj,18:22:21.59,-04:11:28.7,J182221.59-041128.7
AWI0002lzb,18:22:24.61,-03:05:22.1,J182224.61-030522.1
AWI0002akv,18:22:46.61,-05:01:26.6,J182246.61-050126.6
AWI0001zty,18:22:48.65,-06:26:05.5,J182248.65-062605.5
AWI0001zu1,18:22:53.61,-05:11:53.6,J182253.61-051153.6
AWI0001la0,18:22:58.03,-08:47:26.0,J182258.03-084726.0
AWI0002lzr,18:22:58.37,-01:52:11.3,J182258.37-015211.3
AWI0001zun,18:23:18.08,-05:35:07.5,J182318.08-053507.5
AWI0001lar,18:23:18.16,-08:04:37.4,J182318.16-080437.4
AWI0002m07,18:23:21.46,-00:51:34.4,J182321.46-005134.4
AWI0001lb2,18:23:25.33,-08:11:24.3,J182325.33-081124.3
AWI0002m0f,18:23:43.02,+00:27:48.7,J182343.02+002748.7
AWI0001lc7,18:23:50.18,-06:47:25.6,J182350.18-064725.6
AWI0002amg,18:24:18.42,-03:43:08.5,J182418.42-034308.5
AWI0001zwa,18:24:22.14,-04:51:58.9,J182422.14-045158.9
AWI0002m16,18:24:28.83,+00:17:12.1,J182428.83+001712.1
AWI0002amq,18:24:39.56,-02:33:20.7,J182439.56-023320.7
AWI0002amw,18:24:55.91,-02:23:53.6,J182455.91-022353.6
AWI0002anh,18:25:40.89,-03:03:25.1,J182540.89-030325.1
AWI0002m2l,18:25:46.32,+01:29:45.7,J182546.32+012945.7
AWI0002m2m,18:25:46.72,-01:14:04.1,J182546.72-011404.1
AWI0001zy4,18:25:47.22,-04:11:17.4,J182547.22-041117.4
AWI0002m2v,18:25:57.79,-00:37:43.8,J182557.79-003743.8
AWI0001zyf,18:25:59.49,-03:39:41.0,J182559.49-033941.0
AWI0005bsf,18:25:59.73,+31:29:50.0,J182559.73+312950.0
AWI0002ans,18:26:06.71,-03:05:18.4,J182606.71-030518.4
AWI0002ao7,18:26:25.87,-02:09:42.2,J182625.87-020942.2
AWI0002m3d,18:26:33.11,-00:18:43.1,J182633.11-001843.1
AWI0002m3m,18:26:50.29,+00:30:06.8,J182650.29+003006.8
AWI0005l5e,18:27:02.92,+07:20:21.5,J182702.92+072021.5
AWI0005l5f,18:27:03.72,+05:16:43.0,J182703.72+051643.0
AWI0001zzq,18:27:05.16,-03:13:01.5,J182705.16-031301.5
AWI0001zzs,18:27:10.46,-04:10:47.5,J182710.46-041047.5
AWI0001zzw,18:27:13.99,-04:17:38.0,J182713.99-041738.0
AWI0002002,18:27:19.42,-04:10:40.8,J182719.42-041040.8
AWI000200c,18:27:26.53,-04:47:16.1,J182726.53-044716.1
AWI000200j,18:27:34.81,-04:19:21.5,J182734.81-041921.5
AWI0002m4l,18:27:49.98,+01:16:31.5,J182749.98+011631.5
AWI0002m4r,18:27:57.66,+01:02:31.8,J182757.66+010231.8
AWI0002m4y,18:28:04.53,+00:49:48.4,J182804.53+004948.4
AWI0002app,18:28:10.43,-02:27:58.5,J182810.43-022758.5
AWI0005bsu,18:28:47.92,+28:56:42.2,J182847.92+285642.2
AWI00059jy,18:28:55.87,+12:56:52.8,J182855.87+125652.8
AWI0002028,18:28:57.29,-03:02:03.1,J182857.29-030203.1
AWI0001lp3,18:29:19.98,-06:10:44.4,J182919.98-061044.4
AWI0002m6a,18:29:27.37,+01:47:20.6,J182927.37+014720.6
AWI0001lpk,18:29:32.34,-05:57:04.4,J182932.34-055704.4
AWI000203g,18:29:35.85,-03:38:12.8,J182935.85-033812.8
AWI0002aqt,18:30:08.50,-00:27:19.6,J183008.50-002719.6
AWI0002m77,18:30:10.43,+03:23:30.6,J183010.43+032330.6
AWI0001lrs,18:30:28.83,-05:18:23.6,J183028.83-051823.6
AWI0002aqz,18:30:33.16,+00:26:42.9,J183033.16+002642.9
AWI0001ls0,18:30:35.85,-03:59:06.0,J183035.85-035906.0
AWI0001lsk,18:30:50.65,-04:07:56.5,J183050.65-040756.5
AWI0001lsm,18:30:50.92,-04:48:28.9,J183050.92-044828.9
AWI0001ltf,18:31:09.14,-03:35:12.3,J183109.14-033512.3
AWI0002m7s,18:31:12.53,+04:31:21.8,J183112.53+043121.8
AWI0001lue,18:31:29.37,-03:59:31.0,J183129.37-035931.0
AWI0001luy,18:31:42.58,-03:34:34.7,J183142.58-033434.7
AWI0002as9,18:31:57.85,+00:12:54.1,J183157.85+001254.1
AWI0002m8p,18:32:15.02,+02:19:27.6,J183215.02+021927.6
AWI00020be,18:35:14.88,-01:15:42.5,J183514.88-011542.5
AWI0002mbw,18:35:40.08,+03:55:17.2,J183540.08+035517.2
AWI0002avi,18:36:28.92,+02:34:17.8,J183628.92+023417.8
AWI00020dh,18:36:38.77,-00:26:28.5,J183638.77-002628.5
AWI0002mcq,18:36:47.02,+06:20:57.3,J183647.02+062057.3
AWI0002aw5,18:37:11.13,+02:24:35.2,J183711.13+022435.2
AWI00020eq,18:37:33.09,+01:51:44.3,J183733.09+015144.3
AWI00020es,18:37:35.97,+01:04:14.1,J183735.97+010414.1
AWI0002awh,18:37:41.56,+02:09:15.3,J183741.56+020915.3
AWI0002awt,18:38:00.47,+02:44:17.6,J183800.47+024417.6
AWI0002aww,18:38:08.37,+02:18:14.3,J183808.37+021814.3
AWI00020h1,18:39:19.79,+00:52:37.2,J183919.79+005237.2
AWI00020i1,18:40:03.24,+01:07:33.9,J184003.24+010733.9
AWI0001mc6,18:40:15.27,+01:06:30.9,J184015.27+010630.9
AWI0001mdz,18:41:04.13,+01:29:49.7,J184104.13+012949.7
AWI0001me4,18:41:06.43,+00:43:18.1,J184106.43+004318.1
AWI0001me6,18:41:07.77,+01:14:26.1,J184107.77+011426.1
AWI00020jg,18:41:17.38,+02:18:46.3,J184117.38+021846.3
AWI0001mem,18:41:17.55,+00:05:31.4,J184117.55+000531.4
AWI0001mf3,18:41:38.37,+00:45:15.4,J184138.37+004515.4
AWI00020k7,18:41:46.64,+03:16:26.4,J184146.64+031626.4
AWI00020l4,18:42:44.71,+03:17:36.7,J184244.71+031736.7
AWI0001mi1,18:43:08.20,+02:16:48.3,J184308.20+021648.3
AWI0001mic,18:43:17.79,+02:16:00.3,J184317.79+021600.3
AWI00020m6,18:43:30.16,+03:02:51.2,J184330.16+030251.2
AWI00020mb,18:43:44.43,+03:09:49.9,J184344.43+030949.9
AWI0005lfs,18:44:23.49,+16:05:34.8,J184423.49+160534.8
AWI0005lfx,18:44:28.15,+12:46:48.9,J184428.15+124648.9
AWI0001mki,18:44:32.16,+02:53:31.2,J184432.16+025331.2
AWI0002mj4,18:44:44.86,+07:59:57.2,J184444.86+075957.2
AWI0001mkz,18:44:47.27,+03:15:04.6,J184447.27+031504.6
AWI0001mlf,18:45:02.54,+01:34:39.2,J184502.54+013439.2
AWI0001mlg,18:45:02.94,+01:58:30.6,J184502.94+015830.6
AWI0003ydv,18:45:36.26,-07:49:50.6,J184536.26-074950.6
AWI0003jiq,18:46:35.32,-06:14:56.7,J184635.32-061456.7
AWI0003jix,18:46:43.87,-06:03:56.8,J184643.87-060356.8
AWI0001mpc,18:46:50.98,+03:39:32.8,J184650.98+033932.8
AWI00020q4,18:47:12.81,+06:23:52.1,J184712.81+062352.1
AWI00016pi,18:47:24.31,+01:05:23.5,J184724.31+010523.5
AWI0001mqy,18:47:41.57,+04:21:31.9,J184741.57+042131.9
AWI00020qy,18:48:01.50,+06:25:58.0,J184801.50+062558.0
AWI0001mrl,18:48:08.27,+03:44:18.6,J184808.27+034418.6
AWI0005bus,18:48:10.06,+45:38:38.1,J184810.06+453838.1
AWI00020r3,18:48:10.98,+05:53:02.0,J184810.98+055302.0
AWI00020rf,18:48:18.21,+07:01:20.2,J184818.21+070120.2
AWI0001msk,18:48:30.28,+03:42:45.3,J184830.28+034245.3
AWI0004c4n,18:48:30.37,-09:48:52.8,J184830.37-094852.8
AWI0001msu,18:48:35.72,+04:55:12.0,J184835.72+045512.0
AWI00020s1,18:48:53.45,+05:43:52.4,J184853.45+054352.4
AWI0005lih,18:49:12.28,+15:38:11.2,J184912.28+153811.2
AWI00059q8,18:49:20.08,+21:29:11.5,J184920.08+212911.5
AWI00020sy,18:49:46.21,+07:40:48.6,J184946.21+074048.6
AWI00020t3,18:49:52.06,+06:23:09.9,J184952.06+062309.9
AWI00020tg,18:50:00.27,+06:21:20.5,J185000.27+062120.5
AWI00020th,18:50:05.38,+07:26:24.8,J185005.38+072624.8
AWI00020tq,18:50:21.61,+07:14:54.7,J185021.61+071454.7
AWI0001mvb,18:50:23.90,+05:49:21.6,J185023.90+054921.6
AWI0003yoh,18:50:28.51,-05:46:30.7,J185028.51-054630.7
AWI0001mvf,18:50:28.65,+05:16:47.0,J185028.65+051647.0
AWI0001mvm,18:50:36.82,+06:07:28.9,J185036.82+060728.9
AWI0001mvu,18:50:43.91,+05:07:21.3,J185043.91+050721.3
AWI00020up,18:51:19.94,+07:54:53.6,J185119.94+075453.6
AWI0001mwv,18:51:21.94,+04:45:56.2,J185121.94+044556.2
AWI00020v5,18:51:39.00,+08:40:43.7,J185139.00+084043.7
AWI0001mxi,18:51:40.66,+06:39:08.9,J185140.66+063908.9
AWI0001myc,18:52:07.27,+06:17:15.8,J185207.27+061715.8
AWI0001myd,18:52:07.39,+05:27:03.1,J185207.39+052703.1
AWI0002b6k,18:52:11.39,+10:24:22.6,J185211.39+102422.6
AWI0001myt,18:52:21.52,+06:30:12.9,J185221.52+063012.9
AWI0001myu,18:52:23.67,+05:10:29.3,J185223.67+051029.3
AWI0001mz6,18:52:36.98,+05:57:59.1,J185236.98+055759.1
AWI00020wq,18:52:53.02,+07:27:24.2,J185253.02+072724.2
AWI00020xk,18:53:24.61,+08:56:55.8,J185324.61+085655.8
AWI0004cb6,18:53:42.65,-05:57:19.6,J185342.65-055719.6
AWI0001n19,18:53:50.30,+06:26:24.6,J185350.30+062624.6
AWI00020yc,18:54:13.54,+08:55:41.2,J185413.54+085541.2
AWI0004ccb,18:54:39.65,-06:49:16.5,J185439.65-064916.5
AWI00020z3,18:54:42.90,+08:48:20.0,J185442.90+084820.0
AWI0003ywy,18:54:56.98,-03:30:35.5,J185456.98-033035.5
AWI0004ccs,18:54:57.85,-05:30:41.5,J185457.85-053041.5
AWI00020zq,18:55:13.06,+09:46:15.4,J185513.06+094615.4
AWI0004cde,18:55:38.02,-04:36:09.2,J185538.02-043609.2
AWI0001n5y,18:56:26.29,+08:07:55.9,J185626.29+080755.9
AWI0003yz6,18:56:27.75,-03:23:47.3,J185627.75-032347.3
AWI0001n63,18:56:30.94,+08:44:14.6,J185630.94+084414.6
AWI000212f,18:57:35.07,+10:15:07.5,J185735.07+101507.5
AWI00032et,18:58:04.19,-00:02:00.2,J185804.19-000200.2
AWI0001n9s,18:58:37.04,+07:55:00.9,J185837.04+075500.9
AWI00032fq,18:58:44.01,+00:17:55.4,J185844.01+001755.4
AWI0004m10,18:59:12.07,-05:36:28.1,J185912.07-053628.1
AWI000214k,18:59:24.80,+11:52:21.1,J185924.80+115221.1
AWI0001nbk,18:59:25.55,+09:15:07.8,J185925.55+091507.8
AWI0001nbx,18:59:32.81,+08:39:05.8,J185932.81+083905.8
AWI0003z49,18:59:34.35,-00:46:14.6,J185934.35-004614.6
AWI0002165,19:00:51.02,+11:53:53.5,J190051.02+115353.5
AWI0002168,19:00:53.60,+12:38:08.1,J190053.60+123808.1
AWI00059td,19:02:11.80,+29:35:49.7,J190211.80+293549.7
AWI0005lor,19:02:36.94,+22:45:36.8,J190236.94+224536.8
AWI0002bdr,19:03:03.27,+14:25:38.1,J190303.27+142538.1
AWI0003zcj,19:03:04.91,-00:52:33.8,J190304.91-005233.8
AWI0002bdw,19:03:13.43,+16:28:35.3,J190313.43+162835.3
AWI000218s,19:03:39.43,+13:26:11.2,J190339.43+132611.2
AWI0001nik,19:03:45.39,+12:30:26.1,J190345.39+123026.1
AWI0001niy,19:04:00.35,+10:38:54.2,J190400.35+103854.2
AWI0003zf6,19:04:26.84,+00:31:09.7,J190426.84+003109.7
AWI00017j2,19:05:15.63,+09:06:20.4,J190515.63+090620.4
AWI00021ap,19:05:28.51,+13:38:57.7,J190528.51+133857.7
AWI0005crw,19:06:11.33,+55:50:20.8,J190611.33+555020.8
AWI00017kt,19:06:12.84,+09:21:15.9,J190612.84+092115.9
AWI0001nnj,19:06:35.36,+13:11:59.2,J190635.36+131159.2
AWI0001nnz,19:06:47.04,+12:51:44.0,J190647.04+125144.0
AWI0003zim,19:07:06.27,+02:40:36.9,J190706.27+024036.9
AWI0001nop,19:07:09.64,+12:40:05.3,J190709.64+124005.3
AWI0004m70,19:07:22.46,-01:01:03.8,J190722.46-010103.8
AWI0002mxz,19:07:27.65,+22:09:23.3,J190727.65+220923.3
AWI0001np0,19:07:28.03,+13:48:28.6,J190728.03+134828.6
AWI0002bgi,19:08:08.65,+18:28:12.5,J190808.65+182812.5
AWI0001nqf,19:08:27.54,+14:29:53.6,J190827.54+142953.6
AWI0005lr3,19:08:40.45,+24:07:28.0,J190840.45+240728.0
AWI0002mz3,19:09:14.99,+21:27:34.6,J190914.99+212734.6
AWI0002bh4,19:09:19.61,+18:14:14.3,J190919.61+181414.3
AWI0003zna,19:10:22.32,+04:38:42.7,J191022.32+043842.7
AWI0001nt7,19:10:38.90,+13:39:39.6,J191038.90+133939.6
AWI0001nta,19:10:43.61,+15:32:08.0,J191043.61+153208.0
AWI0003k7p,19:10:56.89,+05:09:28.1,J191056.89+050928.1
AWI0003zo8,19:10:59.03,+04:06:12.2,J191059.03+040612.2
AWI0001nu0,19:11:09.34,+13:59:43.3,J191109.34+135943.3
AWI0002bia,19:11:25.59,+19:43:10.0,J191125.59+194310.0
AWI0001nuj,19:11:30.81,+15:03:46.0,J191130.81+150346.0
AWI00021hc,19:12:16.66,+18:26:46.9,J191216.66+182646.9
AWI00021hd,19:12:22.26,+18:20:26.7,J191222.26+182026.7
AWI0001nvf,19:12:27.65,+16:01:43.3,J191227.65+160143.3
AWI0003k99,19:12:33.55,+06:51:29.5,J191233.55+065129.5
AWI0001nvx,19:12:52.17,+14:47:11.7,J191252.17+144711.7
AWI0004mbn,19:13:24.12,+00:35:57.0,J191324.12+003557.0
AWI0002bjo,19:13:44.93,+19:38:18.1,J191344.93+193818.1
AWI0002n1h,19:13:45.21,+22:22:55.2,J191345.21+222255.2
AWI0002bjx,19:14:20.37,+20:04:33.8,J191420.37+200433.8
AWI0002bk5,19:14:33.66,+20:33:40.8,J191433.66+203340.8
AWI00021j5,19:14:37.21,+19:31:06.7,J191437.21+193106.7
AWI0002bk9,19:14:41.65,+21:15:35.0,J191441.65+211535.0
AWI00021jf,19:14:52.09,+18:41:19.3,J191452.09+184119.3
AWI0003kbp,19:15:03.47,+08:04:16.8,J191503.47+080416.8
AWI00059v8,19:15:20.61,+39:58:48.9,J191520.61+395848.9
AWI0001o0b,19:15:51.64,+17:54:12.8,J191551.64+175412.8
AWI0002n2p,19:16:24.87,+24:11:56.3,J191624.87+241156.3
AWI0003zwv,19:16:58.20,+06:53:22.7,J191658.20+065322.7
AWI0005ltf,19:17:03.19,+28:51:03.0,J191703.19+285103.0
AWI0001o26,19:17:03.88,+16:49:33.4,J191703.88+164933.4
AWI0001o27,19:17:07.46,+17:03:22.4,J191707.46+170322.4
AWI0003zxl,19:17:29.74,+07:48:14.6,J191729.74+074814.6
AWI00021ln,19:17:41.05,+20:24:57.9,J191741.05+202457.9
AWI0001o3i,19:17:58.44,+18:56:26.8,J191758.44+185626.8
AWI0003kei,19:18:06.78,+08:31:52.2,J191806.78+083152.2
AWI0001o3u,19:18:10.65,+17:58:48.3,J191810.65+175848.3
AWI0004d0u,19:18:29.26,+06:17:31.7,J191829.26+061731.7
AWI0002n3f,19:18:34.47,+24:11:45.6,J191834.47+241145.6
AWI0003zz5,19:18:43.03,+07:18:47.6,J191843.03+071847.6
AWI00021mi,19:18:51.04,+20:36:32.4,J191851.04+203632.4
AWI0002blw,19:18:56.85,+22:25:22.4,J191856.85+222522.4
AWI00021ms,19:19:12.23,+19:41:33.3,J191912.23+194133.3
AWI0003zzw,19:19:16.29,+07:17:10.3,J191916.29+071710.3
AWI0001o5o,19:19:23.96,+17:56:58.4,J191923.96+175658.4
AWI0002bm8,19:19:27.48,+22:57:37.1,J191927.48+225737.1
AWI000400k,19:19:45.59,+07:14:21.6,J191945.59+071421.6
AWI0002bmh,19:19:52.93,+22:10:40.4,J191952.93+221040.4
AWI00021nk,19:20:10.96,+21:17:23.2,J192010.96+211723.2
AWI0001o6v,19:20:12.95,+20:03:02.2,J192012.95+200302.2
AWI0004019,19:20:17.85,+08:15:30.0,J192017.85+081530.0
AWI00021nq,19:20:21.33,+21:06:51.3,J192021.33+210651.3
AWI0001o7i,19:20:33.99,+18:15:37.9,J192033.99+181537.9
AWI0002bn4,19:20:43.87,+23:18:53.3,J192043.87+231853.3
AWI0001o7s,19:20:54.72,+18:40:56.9,J192054.72+184056.9
AWI0002bn7,19:21:01.08,+23:19:34.3,J192101.08+231934.3
AWI0001o8b,19:21:16.05,+19:59:48.7,J192116.05+195948.7
AWI000184t,19:21:35.90,+16:56:41.0,J192135.90+165641.0
AWI0001o93,19:21:55.76,+18:58:24.9,J192155.76+185824.9
AWI0001o98,19:21:59.17,+20:19:50.4,J192159.17+201950.4
AWI0001o9e,19:22:06.10,+19:50:36.3,J192206.10+195036.3
AWI0004042,19:22:12.53,+09:50:47.9,J192212.53+095047.9
AWI0004mfx,19:22:26.25,+05:21:23.2,J192226.25+052123.2
AWI0003ki3,19:22:39.97,+11:04:05.9,J192239.97+110405.9
AWI00033aa,19:23:46.41,+12:14:17.9,J192346.41+121417.9
AWI00021q3,19:23:50.21,+23:29:36.6,J192350.21+232936.6
AWI0004xf6,19:24:00.79,+01:21:25.0,J192400.79+012125.0
AWI0005v2i,19:24:10.80,-03:28:10.7,J192410.80-032810.7
AWI0004077,19:24:29.64,+09:27:52.3,J192429.64+092752.3
AWI0001ocb,19:24:58.71,+21:45:47.1,J192458.71+214547.1
AWI00066j9,19:25:06.74,-07:10:05.0,J192506.74-071005.0
AWI0004d7c,19:25:13.49,+08:36:02.2,J192513.49+083602.2
AWI0005v32,19:25:19.64,+00:18:52.2,J192519.64+001852.2
AWI00021r6,19:25:25.62,+23:45:31.9,J192525.62+234531.9
AWI0004d7x,19:25:47.77,+09:44:58.8,J192547.77+094458.8
AWI00021rk,19:25:50.24,+22:41:12.2,J192550.24+224112.2
AWI0004d8c,19:26:11.27,+09:08:56.3,J192611.27+090856.3
AWI0004xge,19:26:40.58,+03:59:40.1,J192640.58+035940.1
AWI0001oeh,19:27:02.97,+21:33:22.1,J192702.97+213322.1
AWI00040a4,19:27:13.73,+11:53:28.4,J192713.73+115328.4
AWI0001ofb,19:27:46.65,+21:44:09.2,J192746.65+214409.2
AWI0001ofz,19:28:32.52,+21:49:36.4,J192832.52+214936.4
AWI0001og3,19:28:35.01,+23:31:53.7,J192835.01+233153.7
AWI00018cj,19:28:58.74,+20:13:20.5,J192858.74+201320.5
AWI0004xib,19:29:54.09,+06:16:28.9,J192954.09+061628.9
AWI00021u5,19:30:00.83,+26:26:26.5,J193000.83+262626.5
AWI00040es,19:32:17.50,+14:49:51.6,J193217.50+144951.6
AWI0003kp9,19:32:51.71,+16:07:32.6,J193251.71+160732.6
AWI00059y8,19:33:14.20,+48:41:50.7,J193314.20+484150.7
AWI0004xkl,19:33:35.00,+06:29:24.9,J193335.00+062924.9
AWI00040gg,19:34:00.79,+14:05:27.7,J193400.79+140527.7
AWI0005v9n,19:35:52.32,+04:03:28.0,J193552.32+040328.0
AWI0001onp,19:36:12.43,+26:03:31.1,J193612.43+260331.1
AWI00021y8,19:37:04.97,+27:32:40.6,J193704.97+273240.6
AWI0001ook,19:37:11.95,+26:32:12.9,J193711.95+263212.9
AWI0001ool,19:37:13.00,+26:24:14.6,J193713.00+262414.6
AWI0001oon,19:37:14.31,+27:19:20.2,J193714.31+271920.2
AWI00021yx,19:38:11.23,+28:23:32.5,J193811.23+282332.5
AWI0003ksp,19:39:18.30,+18:37:13.1,J193918.30+183713.1
AWI00066pc,19:39:18.70,-01:53:52.6,J193918.70-015352.6
AWI000220g,19:40:51.59,+30:25:25.2,J194051.59+302525.2
AWI0001os1,19:41:03.03,+27:25:13.1,J194103.03+272513.1
AWI00018mn,19:41:12.96,+25:28:56.6,J194112.96+252856.6
AWI0004xoq,19:43:15.86,+11:25:18.7,J194315.86+112518.7
AWI0001ouk,19:43:57.38,+29:50:37.1,J194357.38+295037.1
AWI00040pc,19:44:40.41,+19:40:04.2,J194440.41+194004.2
AWI0001ovv,19:46:01.64,+30:25:02.0,J194601.64+302502.0
AWI000224g,19:48:11.15,+32:20:00.1,J194811.15+322000.1
AWI00018qo,19:48:17.90,+27:51:30.3,J194817.90+275130.3
AWI0002bx6,19:48:45.75,+34:22:01.7,J194845.75+342201.7
AWI00018r0,19:48:58.47,+27:55:41.8,J194858.47+275541.8
AWI0005y5q,19:49:46.11,-09:09:49.3,J194946.11-090949.3
AWI0002254,19:49:49.33,+32:40:05.9,J194949.33+324005.9
AWI00066t4,19:49:53.07,-03:10:06.3,J194953.07-031006.3
AWI0001oz3,19:50:26.27,+32:05:12.0,J195026.27+320512.0
AWI0003kxf,19:50:27.37,+23:07:15.6,J195027.37+230715.6
AWI000225p,19:51:07.12,+33:06:01.2,J195107.12+330601.2
AWI00018ry,19:51:36.63,+29:03:01.6,J195136.63+290301.6
AWI00018s2,19:51:42.66,+29:40:23.3,J195142.66+294023.3
AWI0002byj,19:52:46.04,+35:44:11.7,J195246.04+354411.7
AWI00040ug,19:53:50.23,+23:18:23.2,J195350.23+231823.2
AWI0005y6h,19:54:04.46,-09:51:24.1,J195404.46-095124.1
AWI000227n,19:54:28.60,+35:08:17.1,J195428.60+350817.1
AWI0003kzc,19:54:52.93,+25:04:48.6,J195452.93+250448.6
AWI000227u,19:55:08.40,+34:59:21.2,J195508.40+345921.2
AWI0002uc0,19:55:13.02,+27:36:11.6,J195513.02+273611.6
AWI0004xuh,19:55:34.87,+17:57:55.1,J195534.87+175755.1
AWI00040vq,19:56:03.24,+24:12:05.2,J195603.24+241205.2
AWI0003kzt,19:56:15.60,+25:02:43.9,J195615.60+250243.9
AWI0003buv,19:56:19.36,+26:43:33.0,J195619.36+264333.0
AWI0004xuq,19:56:39.49,+15:38:47.6,J195639.49+153847.6
AWI00066vk,19:56:40.08,+04:32:45.7,J195640.08+043245.7
AWI00066vl,19:56:46.30,+00:00:51.1,J195646.30+000051.1
AWI00033wh,19:57:23.27,+26:34:52.5,J195723.27+263452.5
AWI00040wu,19:57:58.48,+24:18:19.1,J195758.48+241819.1
AWI00040x6,19:58:35.05,+25:21:06.2,J195835.05+252106.2
AWI0003l0q,19:59:00.23,+26:41:14.9,J195900.23+264114.9
AWI0004dpk,19:59:00.50,+23:25:33.7,J195900.50+232533.7
AWI00018v8,19:59:24.05,+32:30:54.9,J195924.05+323054.9
AWI00066wh,20:00:19.62,+09:54:24.7,J200019.62+095424.7
AWI00033xu,20:00:38.58,+28:06:51.1,J200038.58+280651.1
AWI0003l18,20:00:52.84,+26:50:07.3,J200052.84+265007.3
AWI0001p6i,20:00:58.91,+34:56:51.1,J200058.91+345651.1
AWI0004109,20:04:38.97,+26:49:41.8,J200438.97+264941.8
AWI0004dru,20:05:12.66,+24:48:38.0,J200512.66+244838.0
AWI0004mw1,20:05:57.54,+24:05:37.2,J200557.54+240537.2
AWI0004dsc,20:06:39.96,+26:03:44.7,J200639.96+260344.7
AWI00022em,20:07:12.80,+38:07:17.4,J200712.80+380717.4
AWI0005y8g,20:08:28.99,+00:49:05.9,J200828.99+004905.9
AWI0002c5b,20:08:34.37,+41:07:04.3,J200834.37+410704.3
AWI0003l3v,20:08:38.95,+29:27:49.9,J200838.95+292749.9
AWI00022f9,20:08:42.33,+39:09:18.8,J200842.33+390918.8
AWI0004132,20:09:39.71,+27:45:27.3,J200939.71+274527.3
AWI0005a2d,20:09:46.35,+60:15:21.0,J200946.35+601521.0
AWI0004mwu,20:09:47.06,+25:50:21.7,J200947.06+255021.7
AWI00022g1,20:10:20.06,+39:44:47.9,J201020.06+394447.9
AWI0004mwx,20:10:44.23,+26:09:41.8,J201044.23+260941.8
AWI0004mx1,20:11:17.75,+26:04:23.5,J201117.75+260423.5
AWI0002nqv,20:11:35.38,+45:57:13.2,J201135.38+455713.2
AWI000414f,20:12:28.07,+28:53:57.9,J201228.07+285357.9
AWI0005byq,20:12:36.50,+67:10:15.1,J201236.50+671015.1
AWI0001pey,20:12:53.92,+38:39:30.1,J201253.92+383930.1
AWI0002nsh,20:13:44.10,+45:24:27.6,J201344.10+452427.6
AWI000344t,20:14:15.66,+32:44:48.1,J201415.66+324448.1
AWI000415i,20:14:17.43,+30:46:08.8,J201417.43+304608.8
AWI0002c7c,20:14:43.80,+42:56:04.9,J201443.80+425604.9
AWI0004y0q,20:17:30.80,+25:42:58.7,J201730.80+254258.7
AWI0004dw8,20:18:30.71,+29:30:04.7,J201830.71+293004.7
AWI0002c8l,20:18:45.91,+44:34:37.5,J201845.91+443437.5
AWI0001951,20:19:26.14,+38:12:03.9,J201926.14+381203.9
AWI0004dwv,20:21:52.87,+30:26:19.6,J202152.87+302619.6
AWI0005586,20:22:49.80,+38:01:06.3,J202249.80+380106.3
AWI0002upj,20:24:08.75,+37:31:35.6,J202408.75+373135.6
AWI0003c7g,20:25:00.20,+36:37:34.5,J202500.20+363734.5
AWI0006713,20:25:01.83,+11:28:54.3,J202501.83+112854.3
AWI0004190,20:25:10.87,+34:10:15.3,J202510.87+341015.3
AWI000419h,20:26:18.53,+33:42:36.6,J202618.53+334236.6
AWI0003la3,20:26:30.87,+34:47:52.7,J202630.87+344752.7
AWI000671e,20:26:40.23,+12:29:56.8,J202640.23+122956.8
AWI000559p,20:27:10.21,+38:54:01.5,J202710.21+385401.5
AWI0002o0h,20:27:21.81,+49:22:18.1,J202721.81+492218.1
AWI0002ccf,20:27:38.65,+46:21:05.3,J202738.65+462105.3
AWI0004dyu,20:28:20.05,+32:58:54.9,J202820.05+325854.9
AWI0002o11,20:28:44.57,+49:52:56.9,J202844.57+495256.9
AWI0004y36,20:28:59.42,+30:08:14.4,J202859.42+300814.4
AWI0003lap,20:29:36.77,+36:16:17.2,J202936.77+361617.2
AWI0002o2h,20:31:59.77,+49:31:18.1,J203159.77+493118.1
AWI00041cn,20:32:23.09,+36:10:24.1,J203223.09+361024.1
AWI00022n5,20:34:06.01,+46:08:27.4,J203406.01+460827.4
AWI0004y4e,20:34:37.11,+30:03:12.8,J203437.11+300312.8
AWI00022nf,20:35:06.30,+45:31:47.3,J203506.30+453147.3
AWI0002o3w,20:35:46.36,+50:50:43.4,J203546.36+505043.4
AWI0005bzl,20:36:38.39,+68:17:39.8,J203638.39+681739.8
AWI00041fg,20:37:48.36,+37:14:24.2,J203748.36+371424.2
AWI0004y50,20:37:48.74,+32:20:18.2,J203748.74+322018.2
AWI0002cft,20:38:36.26,+48:58:07.0,J203836.26+485807.0
AWI00022pa,20:39:31.76,+47:25:58.5,J203931.76+472558.5
AWI00041gb,20:40:12.74,+38:20:50.4,J204012.74+382050.4
AWI0001po3,20:40:15.96,+46:14:01.6,J204015.96+461401.6
AWI0001poa,20:40:42.68,+46:27:22.1,J204042.68+462722.1
AWI0004e27,20:41:01.47,+36:38:00.9,J204101.47+363800.9
AWI0004e29,20:41:22.68,+36:39:37.5,J204122.68+363937.5
AWI0002cgh,20:41:32.01,+48:58:17.0,J204132.01+485817.0
AWI0002cgm,20:42:04.41,+49:18:17.5,J204204.41+491817.5
AWI00022pw,20:42:28.58,+47:46:50.4,J204228.58+474650.4
AWI00041h5,20:42:29.05,+38:08:22.6,J204229.05+380822.6
AWI00041hk,20:43:58.45,+37:55:18.7,J204358.45+375518.7
AWI0005zc6,20:45:20.75,+07:33:42.2,J204520.75+073342.2
AWI00022r4,20:45:39.80,+48:19:52.8,J204539.80+481952.8
AWI0002o7f,20:46:41.20,+52:13:31.8,J204641.20+521331.8
AWI0005a4l,20:47:16.66,+60:35:27.0,J204716.66+603527.0
AWI00022rq,20:48:15.60,+49:28:38.8,J204815.60+492838.8
AWI0001pra,20:48:48.35,+47:46:39.5,J204848.35+474639.5
AWI0006740,20:49:31.01,+23:34:59.4,J204931.01+233459.4
AWI0003leo,20:50:08.78,+41:13:49.3,J205008.78+411349.3
AWI00022se,20:50:27.42,+50:04:31.9,J205027.42+500431.9
AWI0002cid,20:50:55.38,+51:01:54.0,J205055.38+510154.0
AWI0002cif,20:51:06.97,+51:27:21.5,J205106.97+512721.5
AWI0004e59,20:53:02.51,+38:36:41.4,J205302.51+383641.4
AWI00041k5,20:54:34.65,+41:42:01.4,J205434.65+414201.4
AWI0003lff,20:55:33.24,+42:48:29.5,J205533.24+424829.5
AWI00019bk,20:56:09.52,+47:12:16.1,J205609.52+471216.1
AWI00022ub,20:56:13.51,+51:00:52.0,J205613.51+510052.0
AWI0002uvb,20:57:38.16,+45:28:22.1,J205738.16+452822.1
AWI000674l,20:57:53.64,+24:48:22.3,J205753.64+244822.3
AWI000674o,20:58:24.97,+23:30:52.8,J205824.97+233052.8
AWI0001puf,20:59:33.72,+49:46:23.7,J205933.72+494623.7
AWI0005mea,21:00:38.16,+57:36:13.8,J210038.16+573613.8
AWI00019c9,21:02:06.45,+48:18:01.3,J210206.45+481801.3
AWI00022w1,21:02:28.96,+51:25:53.2,J210228.96+512553.2
AWI0002ckh,21:03:41.16,+53:51:23.3,J210341.16+535123.3
AWI00034ev,21:03:59.42,+44:39:38.7,J210359.42+443938.7
AWI0001pwe,21:04:31.93,+51:08:55.3,J210431.93+510855.3
AWI00022wn,21:04:32.49,+51:36:15.8,J210432.49+513615.8
AWI00034ez,21:04:50.88,+44:49:47.9,J210450.88+444947.9
AWI0004n4l,21:07:25.44,+40:21:02.1,J210725.44+402102.1
AWI0005zuy,21:07:34.65,+01:22:27.4,J210734.65+012227.4
AWI0003lh4,21:07:53.35,+44:47:52.0,J210753.35+444752.0
AWI00022xg,21:08:01.53,+52:30:19.1,J210801.53+523019.1
AWI0002o9g,21:08:05.95,+57:02:09.1,J210805.95+570209.1
AWI0002o9q,21:09:52.58,+56:51:44.6,J210952.58+565144.6
AWI00041nk,21:10:25.80,+44:14:57.8,J211025.80+441457.8
AWI0005zdc,21:12:50.20,+16:29:02.6,J211250.20+162902.6
AWI0004e7v,21:13:24.90,+44:01:24.7,J211324.90+440124.7
AWI0004n54,21:14:26.28,+42:40:33.5,J211426.28+424033.5
AWI0004y96,21:15:54.87,+41:10:20.1,J211554.87+411020.1
AWI00022z7,21:19:17.81,+54:24:53.3,J211917.81+542453.3
AWI0001q09,21:20:38.05,+53:14:28.1,J212038.05+531428.1
AWI0002ob6,21:20:39.31,+57:16:37.7,J212039.31+571637.7
AWI0005a6v,21:20:57.78,+67:59:30.7,J212057.78+675930.7
AWI00055i2,21:21:50.39,+50:37:27.2,J212150.39+503727.2
AWI000675y,21:24:43.63,+33:59:17.1,J212443.63+335917.1
AWI0005mhp,21:25:01.99,+61:59:36.1,J212501.99+615936.1
AWI0002cms,21:26:45.14,+57:01:17.2,J212645.14+570117.2
AWI0005mhx,21:27:27.31,+62:53:23.3,J212727.31+625323.3
AWI00055in,21:27:38.30,+51:29:33.8,J212738.30+512933.8
AWI0001q16,21:27:42.22,+53:49:49.4,J212742.22+534949.4
AWI0002304,21:28:51.65,+56:26:48.3,J212851.65+562648.3
AWI000230p,21:33:43.17,+56:30:21.1,J213343.17+563021.1
AWI000676m,21:36:15.35,+36:50:03.4,J213615.35+365003.4
AWI000676v,21:42:17.20,+39:18:57.6,J214217.20+391857.6
AWI000232v,21:42:28.70,+58:13:26.7,J214228.70+581326.7
AWI0004yb0,21:45:02.02,+45:02:10.2,J214502.02+450210.2
AWI0002348,21:48:01.30,+58:11:11.1,J214801.30+581111.1
AWI0001q4v,21:51:26.39,+57:24:55.4,J215126.39+572455.4
AWI0001q4z,21:52:17.48,+57:03:47.8,J215217.48+570347.8
AWI0005a9q,21:52:56.86,+71:17:07.9,J215256.86+711707.9
AWI00034hg,21:52:58.43,+52:28:30.9,J215258.43+522830.9
AWI0003lje,21:56:22.44,+52:22:26.4,J215622.44+522226.4
AWI000623h,21:59:59.89,+13:45:31.2,J215959.89+134531.2
