AWI00019qi,J001251.90+651008.5
AWI00019qj,J001254.39+652830.0
AWI0002d2i,J001318.46+685733.8
AWI00019qn,J001425.91+650401.7
AWI0000zgw,J001615.05+642626.5
AWI00019r3,J002214.52+650720.7
AWI0003lsc,J002353.55+594750.5
AWI0002d2s,J002552.69+674842.3
AWI0003lsp,J003209.17+601427.6
AWI0005dzp,J003346.98+700024.0
AWI0000x91,J003653.53+632252.8
AWI0000x95,J004039.83+632148.1
AWI00023l4,J004133.61+665258.8
AWI0002ow8,J004504.59+625003.0
AWI0002owa,J004708.96+624521.0
AWI0000dgb,J004941.67-114055.8
AWI00019sj,J005216.78+655206.1
AWI0000pa8,J005347.92-720209.4
AWI00019sl,J005353.17+645626.3
AWI0005w5t,J005701.71+450949.4
AWI00019sp,J005749.81+651526.2
AWI000628m,J010055.15-713752.9
AWI0000zhk,J010110.03+643244.9
AWI0002owe,J010219.97+624830.4
AWI0000ocg,J010357.51+201145.6
AWI0005w61,J010453.12+450137.4
AWI0000k0x,J010938.22-732002.1
AWI0001qo1,J011055.01+661423.0
AWI00019t7,J011211.91+645243.4
AWI0001qo4,J011340.16+655155.6
AWI00019t9,J011411.95+645458.9
AWI0005e0f,J011922.74+710255.3
AWI00023lk,J011939.90+670904.6
AWI0001qo9,J011940.98+662844.2
AWI0002d3t,J011959.18+680218.1
AWI00023ll,J012102.10+665236.0
AWI00023lr,J012821.10+672127.8
AWI0005w6e,J012842.13+433218.0
AWI0002d3z,J012859.68+690645.8
AWI0005yj7,J013222.86+401520.3
AWI0000cwz,J013406.68-101403.5
AWI0001qoh,J013819.55+661630.8
AWI0000xa4,J014259.46+630528.8
AWI00023m0,J014735.38+665530.5
AWI0005e10,J014844.69+691938.9
AWI000634b,J014922.31+493422.9
AWI0002d4l,J015156.08+680725.7
AWI00019u5,J015241.17+642210.8
AWI0005yjd,J015806.10+383918.3
AWI0002d4w,J020807.83+683502.0
AWI0000mtn,J021828.98-682106.7
AWI00023mi,J022656.85+653139.1
AWI0002vbr,J023640.96+585750.7
AWI0000zio,J023833.44+615431.3
AWI000425u,J024206.17+555329.7
AWI0002d5c,J024438.72+655051.2
AWI0005yjx,J024800.47+365801.7
AWI0004yiw,J025009.98+595609.4
AWI0005e2r,J025048.69+691530.0
AWI0005e2v,J025322.00+684621.0
AWI00062o1,J025417.61-391042.2
AWI0003lvn,J025607.14+563634.1
AWI0002d5i,J025623.99+645033.1
AWI00055ve,J025823.87+703320.7
AWI0005e38,J030058.39+691456.3
AWI0003lvq,J030209.78+554517.2
AWI0001qpt,J030312.90+622019.4
AWI0000xbx,J030339.47+591301.5
AWI0004yjj,J031229.22+582634.1
AWI0003lvs,J031248.39+545729.3
AWI0002vc6,J031620.77+555940.7
AWI0003lvu,J031627.38+542858.0
AWI0002d61,J032357.12+632734.8
AWI0002d62,J032448.25+630029.0
AWI0000zk1,J032910.44+582249.3
AWI0002oyu,J033036.33+554917.7
AWI0002vcl,J033404.49+543023.5
AWI0000zr4,J033611.47+573519.5
AWI0002d6d,J033637.69+632602.8
AWI0000zr5,J033645.76+570116.4
AWI0004eil,J033730.77+501919.2
AWI00019wy,J033749.47+581810.1
AWI0000zkb,J033757.70+572931.2
AWI00034t3,J033818.02+545155.0
AWI00023nl,J034136.48+610139.6
AWI0002oyy,J034147.49+544320.3
AWI0002oyz,J034256.24+543333.1
AWI0005e3t,J034305.92+662407.6
AWI0004yk4,J034341.92+550830.3
AWI0003ct5,J034513.40+524101.3
AWI0002vcs,J034653.12+531615.3
AWI0000xcw,J034958.32+545639.6
AWI0000zrf,J035844.32+550738.9
AWI0002ozh,J040133.96+521003.3
AWI00062cf,J040233.37-592314.4
AWI0002d6n,J040304.59+615607.7
AWI0005e45,J040311.69+641313.1
AWI0005zz6,J040324.67-045905.9
AWI0002ozj,J040423.72+514553.0
AWI00019xa,J040825.73+550307.6
AWI00019xb,J040920.39+544225.7
AWI0002ozn,J041541.77+501830.4
AWI0002vdc,J041634.67+490728.7
AWI00023o4,J042002.63+563811.3
AWI00019xi,J042015.98+535813.5
AWI0005e53,J042047.25+623459.5
AWI0003ctm,J042122.97+474019.2
AWI0000zkn,J042255.09+515709.0
AWI0002ozq,J042415.95+485108.8
AWI0004ej1,J042732.42+414702.7
AWI00055w6,J043224.61+635854.1
AWI000630m,J043435.47+264406.2
AWI0004nh2,J043511.76+391948.1
AWI0002ozw,J043622.63+464345.0
AWI0005wbr,J043654.18+223520.3
AWI0001qri,J043750.72+514738.7
AWI0005wbt,J043834.94+202621.1
AWI0000xda,J043935.94+475805.1
AWI0006306,J044038.52+310759.4
AWI0001qrm,J044133.76+505530.3
AWI0004nh5,J044137.46+364840.3
AWI0005myn,J044214.96+335026.0
AWI0002vdr,J044250.91+435332.0
AWI0002ozz,J044314.28+454412.1
AWI0001qrp,J044504.77+512501.2
AWI0004ej6,J044657.27+384413.6
AWI0004nhe,J044939.71+361049.0
AWI000427q,J045152.13+382828.4
AWI0002p04,J045222.40+434111.9
AWI0004nhi,J045308.72+344455.9
AWI0005e66,J045759.96+582624.1
AWI0001qry,J045828.03+480643.7
AWI00019yb,J050450.64+452358.8
AWI0004nhr,J050502.57+315457.4
AWI0000zkx,J050555.63+440710.7
AWI0005wdg,J051436.50+102724.9
AWI0000zs1,J051902.36+391849.4
AWI0005n07,J051946.58+234046.7
AWI0005n09,J052038.99+234559.0
AWI0005n0o,J052657.44+215240.7
AWI00023p3,J052721.78+430542.5
AWI000428c,J053000.58+272711.5
AWI0000zl7,J053026.96+372739.6
AWI000428d,J053118.67+273055.2
AWI0003cul,J053618.16+291457.0
AWI0002vef,J053843.23+290650.0
AWI00034va,J054506.37+274345.5
AWI0001a02,J054602.80+330329.4
AWI00061u1,J054747.19-602209.8
AWI00061uv,J054956.95-525209.4
AWI0006372,J055027.38+034148.4
AWI0002p1l,J055038.70+260955.1
AWI0002vep,J055311.58+233525.6
AWI00062s4,J055516.82-013226.0
AWI0005n27,J055905.40+050754.2
AWI0000zsp,J060043.54+254040.6
AWI0005wwz,J060104.43-121221.2
AWI0001a0f,J060651.06+251410.4
AWI0003m04,J060906.30+153333.5
AWI0003m08,J061026.95+141249.8
AWI000638h,J061651.64-081333.4
AWI0006395,J062308.81-093952.4
AWI00034w9,J062339.80+112822.3
AWI0004ymh,J062627.38+122407.6
AWI0000zm3,J062815.97+150958.4
AWI0000zte,J063210.49+122904.2
AWI0003m1g,J063313.70+024005.3
AWI0004elm,J063329.64-012948.5
AWI00042bj,J064930.10-055715.8
AWI0003cw7,J065054.88-032457.8
AWI0004yn9,J065201.72+002642.0
AWI0004nm2,J065432.00-142918.5
AWI0002p36,J065712.49-025732.7
AWI00034xl,J071033.01-110451.6
AWI0003m4r,J071751.08-185258.1
AWI0002vgp,J072052.02-163830.7
AWI0003cx7,J072226.25-181653.6
AWI0004nod,J072416.02-293838.2
AWI00042di,J072555.26-230756.3
AWI00042do,J072810.98-252627.6
AWI0003m5m,J072844.94-232411.8
AWI00063e7,J073013.98-440259.2
AWI0005ahj,J073036.97+153426.0
AWI0005nah,J073041.63-372450.4
AWI0003cxh,J073159.72-223254.7
AWI0005cup,J073521.72+545059.1
AWI0005yvx,J073820.30-715950.9
AWI00063fr,J074239.68-470722.8
AWI0003m6g,J074403.32-282849.5
AWI0005zof,J074529.88-844943.7
AWI0002p4u,J075159.37-273517.1
AWI0004epp,J075636.08-365515.5
AWI0005ebf,J075715.53-113132.2
AWI0004eps,J075734.00-364506.1
AWI0004nsk,J080240.05-415313.2
AWI00034yw,J080308.56-324624.4
AWI0003m7s,J080336.85-354954.7
AWI0005nfa,J080543.20-460743.8
AWI00063i4,J080711.67-563655.5
AWI0004eqp,J080844.89-404846.1
AWI0004eqt,J081004.32-411345.0
AWI0003m85,J081101.99-381740.7
AWI00042g8,J081115.34-404932.7
AWI0004er0,J081244.42-420344.6
AWI00042gj,J081348.95-412704.1
AWI0003m8g,J081439.66-390501.9
AWI0004erb,J081616.44-424727.4
AWI0003m8q,J081648.49-401934.5
AWI0004ypb,J081908.53-355849.0
AWI00042hc,J082106.14-430637.6
AWI0005ni2,J082123.23-493120.8
AWI00034zq,J082129.53-382532.1
AWI00042hk,J082153.01-435238.3
AWI0002p5o,J082227.79-372558.2
AWI00042hu,J082334.82-430658.5
AWI0004nvc,J082456.82-485423.5
AWI000562w,J082600.54-152239.4
AWI0005cve,J082740.47+191543.9
AWI0002p5u,J082932.61-391458.6
AWI0000xi4,J083007.37-381113.6
AWI0002vir,J083401.27-421340.2
AWI00042j1,J083437.45-454029.4
AWI0000zvj,J083552.52-381727.7
AWI0003mbb,J083553.03-444116.2
AWI0002p6d,J083618.52-405244.9
AWI0000zvk,J083631.86-384513.6
AWI000350e,J083724.09-415357.5
AWI0000632,J083737.22+395803.7
AWI000350p,J084020.20-430211.4
AWI000350q,J084023.42-424302.1
AWI0001qwn,J084027.15-362813.2
AWI0004nxy,J084041.77-501607.4
AWI0001qwp,J084122.01-354514.4
AWI0004yr5,J084313.24-414235.4
AWI0004eu3,J084544.78-501549.3
AWI0003mdm,J084608.02-463132.8
AWI0004nyg,J084617.35-523513.7
AWI00042ka,J084620.61-480828.0
AWI0004euy,J085338.25-515141.7
AWI0003526,J085415.76-454904.4
AWI00042lq,J085551.37-511112.4
AWI00042lw,J085815.07-510244.0
AWI00023t9,J085921.53-390819.0
AWI0000xl8,J090040.50-452244.3
AWI0004o09,J090210.88-545153.2
AWI0000zyg,J090401.44-451148.6
AWI0003d31,J090602.56-500127.0
AWI0003mh4,J090827.40-505931.6
AWI0003mh8,J090906.85-505547.7
AWI0000xlt,J091025.40-465842.0
AWI0000xm0,J091310.94-471850.7
AWI00042nt,J091320.37-534840.0
AWI0002p9t,J091402.96-490557.2
AWI0000zz0,J091436.59-470818.4
AWI0001a84,J091510.75-445834.5
AWI0002pa1,J091541.09-491801.8
AWI0003d4i,J091624.84-513039.9
AWI0004yuc,J091711.99-491122.6
AWI0002pab,J091902.42-494756.8
AWI0002pac,J091917.86-500448.1
AWI0001qyb,J091957.46-441512.0
AWI00063mg,J092008.20-695908.8
AWI0000xmw,J092113.12-485908.1
AWI0001a8y,J092617.39-475033.2
AWI0001qyn,J092649.23-455446.4
AWI0005ajp,J092917.39-294141.3
AWI00042pr,J093341.39-570140.2
AWI0003mk5,J093545.42-553510.5
AWI0005ef7,J093908.45-395006.4
AWI0003mkt,J094003.26-560338.4
AWI0003mky,J094040.93-555752.8
AWI000356g,J094406.68-540022.3
AWI0003mlw,J094611.43-562419.4
AWI0005nqw,J094731.95-654852.2
AWI0003d75,J094926.59-561429.7
AWI00063o4,J095148.70-692019.4
AWI0003d7g,J095316.80-562417.4
AWI0004yx0,J095435.67-534855.7
AWI00042sh,J095435.88-581924.1
AWI000357f,J095450.80-552554.2
AWI0002pcz,J095453.69-545755.6
AWI00042su,J095657.79-593510.6
AWI0004ezy,J095724.60-603125.2
AWI0003mp0,J100314.45-582332.9
AWI0003mqw,J100755.51-584630.7
AWI0003mrk,J100919.93-591642.9
AWI0003d9l,J101103.64-580944.8
AWI0003msg,J101109.85-583924.8
AWI00042ww,J101557.00-602343.8
AWI00042xe,J101736.40-603502.2
AWI0000xqc,J101740.85-560239.8
AWI0001r0c,J101751.54-525952.3
AWI0000xqm,J101931.41-555401.9
AWI000102g,J102055.11-554653.5
AWI0005yxk,J102527.49-844447.8
AWI000103a,J102539.69-560751.4
AWI0003dc8,J102610.80-592743.6
AWI0004f4h,J103157.79-624549.4
AWI00001q1,J103639.06-135520.7
AWI00063q8,J104438.74+260211.3
AWI00035cq,J105329.20-601557.8
AWI0002pji,J110021.37-601814.9
AWI0004f9r,J110535.54-652332.3
AWI0005nx7,J111010.54-685429.2
AWI0003dkn,J111101.41-623706.3
AWI0004far,J111658.64-650856.5
AWI00043b3,J111906.54-644535.8
AWI0004fb2,J111933.81-651910.1
AWI0001r60,J112232.64-574342.4
AWI0005nxz,J112330.09-704137.0
AWI0000y2r,J112353.99-601052.0
AWI0003njd,J112417.11-633310.0
AWI0005dni,J112841.10-171005.1
AWI0005dvt,J112855.80+004645.8
AWI0003nlo,J112953.39-642013.3
AWI0000y4q,J113137.77-603120.2
AWI0005el4,J113224.67-533047.5
AWI0003nmh,J113409.28-640019.8
AWI0005elg,J113411.99-534244.5
AWI000569k,J113453.81-484512.4
AWI0004zen,J113459.40-610946.1
AWI00043fl,J113712.71-653316.3
AWI0004oi0,J113733.80-683340.6
AWI0003nos,J114054.91-643211.0
AWI0003np1,J114158.37-640248.0
AWI0003npp,J114405.20-645642.2
AWI0003nq0,J114447.45-641921.2
AWI0005cwm,J114739.25-331635.2
AWI0003nr9,J114805.48-642818.1
AWI0003nrj,J114853.41-644008.6
AWI0002438,J114917.72-571338.2
AWI0004zir,J115101.63-614214.6
AWI0000y9z,J115127.99-611059.1
AWI0001asn,J115203.87-591437.7
AWI0004fen,J115256.67-661326.2
AWI00043ie,J115257.04-653907.7
AWI00056av,J115412.34-492616.4
AWI0003ntt,J115529.94-644224.6
AWI0004okp,J115538.61-682745.4
AWI0005x9u,J120351.79-774041.8
AWI0005enz,J120431.94-541647.9
AWI00056bz,J120646.86-501926.2
AWI0001aw4,J120814.37-601737.5
AWI0005o2d,J120910.62-714057.2
AWI0002drm,J121120.78-565623.7
AWI0003nzb,J121339.91-644051.8
AWI0001axq,J121455.19-602958.3
AWI0003dy6,J121546.34-641856.7
AWI0003dy9,J121551.56-641136.0
AWI0003o0n,J121732.88-643821.7
AWI0003dz0,J121850.25-641243.1
AWI0003o1n,J122014.00-644122.4
AWI0005epy,J122217.76-544838.2
AWI0003o2r,J122314.48-645940.6
AWI00035uh,J122326.34-633855.1
AWI0000vk9,J122337.85-071456.4
AWI0002wgz,J122528.08-640326.9
AWI0003e0m,J122544.01-641921.7
AWI00001dk,J122825.29-322401.9
AWI0003o4x,J123002.27-644738.6
AWI00035ww,J123103.04-633759.3
AWI0003e21,J123122.02-644434.8
AWI0003o5s,J123232.12-645941.8
AWI0004oqv,J123300.08-691446.6
AWI00035xs,J123300.58-632132.1
AWI0002wjj,J123311.77-635340.1
AWI0001b37,J123322.13-603540.8
AWI00035yf,J123406.29-634051.1
AWI00035yh,J123426.39-634734.9
AWI00035yk,J123432.89-633739.3
AWI00056ed,J123656.46-523510.7
AWI0002484,J123657.61-581158.7
AWI0004zua,J123817.23-622621.3
AWI0003o87,J123818.51-650654.1
AWI0003o8m,J123910.02-650859.8
AWI0003e49,J123927.10-645000.0
AWI0005db2,J123939.87-264722.1
AWI0003e51,J124129.66-643957.3
AWI0001b51,J124134.90-602057.3
AWI0001b56,J124150.18-604738.7
AWI0001ri8,J124156.97-590213.2
AWI0003ob8,J124427.97-650656.5
AWI0001b6j,J124705.67-600421.4
AWI00063wd,J124741.43+342254.0
AWI0003e70,J124835.05-643346.8
AWI0001rjj,J124841.69-591036.0
AWI0003odh,J124900.87-645709.3
AWI0004ot3,J125209.98-690449.8
AWI00043wb,J125226.37-660714.5
AWI0003e8g,J125244.45-643603.9
AWI00010wo,J125330.92-615132.5
AWI0001b9x,J125633.52-602535.8
AWI0005eup,J125926.16-553358.0
AWI00010z4,J125950.77-614931.1
AWI00010zg,J130030.48-613928.5
AWI0005dw9,J130153.64+655407.3
AWI0005ev4,J130225.69-542845.0
AWI00063xh,J130247.73-770239.6
AWI000110o,J130436.54-613228.8
AWI0001rmw,J130509.85-591649.6
AWI0001bdq,J130530.09-601214.5
AWI0001bdt,J130537.31-602353.2
AWI0004for,J130640.12-670047.5
AWI0004fot,J130654.81-673633.2
AWI000112n,J130814.13-613051.0
AWI0002e12,J130857.56-572325.3
AWI0003ooa,J131034.07-645442.9
AWI00024dc,J131136.17-584509.2
AWI0005cxg,J131316.83-332031.0
AWI0003efw,J131514.68-642452.4
AWI0004fpl,J131543.21-672044.3
AWI0005o7o,J131750.05-701144.6
AWI0005apf,J131939.13-425309.6
AWI000116v,J132236.61-612942.6
AWI0004444,J132252.07-655141.0
AWI00063ys,J132422.79+480438.1
AWI0003ovb,J133143.13-650504.8
AWI0004frs,J133352.38-672750.7
AWI0001bwj,J133615.38-600634.9
AWI0005f0s,J133638.11-523304.3
AWI0001bzd,J134123.37-595323.2
AWI00024kl,J134256.59-580210.1
AWI0002x8g,J134317.40-633953.5
AWI00024kp,J134318.70-574333.8
AWI00006rd,J134356.21-302040.2
AWI0001c1b,J134626.51-592154.0
AWI0001c1p,J134709.68-593546.1
AWI0003enp,J134908.63-634915.6
AWI0001c2z,J134931.84-592309.5
AWI000640p,J135521.70-722506.2
AWI0005aru,J135554.84-413132.3
AWI0001s45,J135638.64-584118.7
AWI00024ng,J135722.88-570706.2
AWI00044ba,J135930.75-653538.1
AWI0005doy,J135948.76-121938.0
AWI0001c7i,J140202.73-590443.7
AWI0005obh,J140215.98-702943.6
AWI0004p20,J140600.07-684412.2
AWI00056p1,J140602.18-492725.4
AWI0004p21,J140606.47-683138.3
AWI0005dp3,J140614.73+691839.7
AWI0001cad,J140918.65-582351.2
AWI0001s7k,J140922.62-572640.3
AWI0001caf,J140927.46-585130.7
AWI00011lu,J141426.36-594416.2
AWI0003p9v,J141426.80-635007.9
AWI0004fvw,J141527.78-662500.1
AWI0003pac,J141537.07-641932.3
AWI0003pb7,J141749.21-641702.4
AWI00024r6,J141803.73-561659.3
AWI0001sab,J141908.19-573600.7
AWI00044f6,J141938.54-644713.5
AWI0001cej,J142005.20-580746.1
AWI00024rs,J142200.59-555513.5
AWI0001cfo,J142303.89-575252.1
AWI0001sbq,J142353.32-570103.3
AWI0002ein,J142435.35-535057.1
AWI0005aty,J142529.08-411332.7
AWI0005fad,J142730.50-503734.3
AWI0001cj2,J143220.55-572611.7
AWI0001cji,J143311.00-571813.1
AWI0003ez4,J143715.40-615413.4
AWI0005fc5,J143716.77-510840.5
AWI0003eze,J143815.16-621717.1
AWI0005xc6,J144036.03-765914.0
AWI0005dpm,J144446.68+631053.2
AWI0005fdy,J144730.76-483944.6
AWI0004p85,J144845.32-665923.6
AWI0004p8c,J144958.32-660233.1
AWI0005fel,J145029.07-493439.1
AWI0006443,J145144.93-723603.6
AWI00044mv,J145256.37-633132.7
AWI00056xc,J145453.97-431401.5
AWI00044nb,J145516.94-625312.7
AWI0005oh2,J145553.70-673001.3
AWI00056xk,J145629.66-430250.7
AWI00011ya,J145729.63-572709.6
AWI0001cuk,J150000.61-560320.7
AWI000644v,J150031.17+252225.8
AWI0005xci,J150108.07-784556.6
AWI00011zu,J150140.79-572305.9
AWI0001cvf,J150146.89-555605.5
AWI0002eru,J150522.52-510107.1
AWI0003pv1,J150601.52-611444.0
AWI0001cx5,J150622.54-553717.6
AWI0005dei,J150703.55-112834.2
AWI0003f76,J150755.07-600557.4
AWI0001cy6,J150759.39-545955.6
AWI000121w,J150831.96-563046.3
AWI00044sa,J150833.17-623548.6
AWI0001cz5,J151013.31-545100.8
AWI000122r,J151044.73-563820.4
AWI0001czw,J151105.71-553957.8
AWI0001d01,J151131.36-543440.6
AWI000064h,J151432.46-093932.7
AWI0001d18,J151439.83-543129.7
AWI0001d1g,J151456.27-543742.2
AWI0001d28,J151617.62-543150.2
AWI0001d37,J151808.06-543908.1
AWI0002ev0,J151814.51-492030.2
AWI0004pdw,J151818.37-633302.1
AWI0001sr3,J151950.96-533402.9
AWI000126q,J152039.01-555405.5
AWI0005ay4,J152108.82-333131.8
AWI0003q1o,J152204.89-595905.2
AWI00037bl,J152204.98-581516.8
AWI0002ewa,J152207.56-505040.0
AWI0002y11,J152218.82-584726.3
AWI00044x6,J152336.35-614311.5
AWI0001ssp,J152447.22-521548.6
AWI0002exi,J152617.55-502058.3
AWI0004g80,J152705.43-613025.3
AWI0004g89,J152812.87-615256.7
AWI0001stp,J152825.42-520329.5
AWI0003fc3,J152914.46-583020.2
AWI0001su4,J152924.55-515609.3
AWI0001d9a,J152958.06-533754.1
AWI0001db2,J153247.75-530818.9
AWI00002h7,J153622.23-112648.7
AWI0001sww,J153706.43-504257.6
AWI0004gab,J153805.17-613956.2
AWI0001de4,J153841.05-515407.2
AWI000453e,J154208.69-585623.2
AWI000575i,J154239.99-411039.9
AWI000257y,J154328.00-491230.2
AWI0002f3r,J154421.33-462010.3
AWI0005fs6,J154557.33-423825.4
AWI0001dim,J154611.88-510925.9
AWI0005fs9,J154618.12-441807.2
AWI0001t20,J154837.26-502254.7
AWI0001t23,J154851.40-493106.5
AWI0001t2g,J154943.94-501557.4
AWI000577m,J154952.81-393633.0
AWI0001dlk,J155114.52-503939.2
AWI0005d0q,J155139.45-160557.1
AWI0005xdo,J155145.90-801014.7
AWI00025ay,J155323.89-473437.1
AWI0005drs,J155325.80+530924.4
AWI00025az,J155327.64-474913.7
AWI0001dmu,J155350.61-501045.8
AWI0002ydv,J155415.32-550930.4
AWI0002f8h,J155602.53-451328.7
AWI0002f8j,J155608.06-463756.2
AWI0001dpj,J155737.63-502738.2
AWI00025d7,J155836.10-474532.9
AWI0002f9x,J155908.14-440515.4
AWI0002fa0,J155925.14-455409.0
AWI0001dr2,J155925.76-495842.2
AWI0001t6m,J155939.09-485705.9
AWI00025e7,J160057.84-470324.8
AWI0001dsr,J160126.96-493525.2
AWI0003fon,J160222.54-545428.8
AWI0002fb7,J160243.41-453615.5
AWI00025f2,J160257.47-471303.1
AWI0006495,J160330.30-674142.4
AWI0002fbf,J160332.89-454059.8
AWI00025f5,J160343.11-470348.8
AWI0001duz,J160422.26-491704.2
AWI0002fbw,J160439.63-452647.5
AWI0001t9j,J160441.39-471339.6
AWI0001dvm,J160530.92-482111.7
AWI0001tb6,J160729.44-473618.5
AWI0005cfp,J160756.17-185949.1
AWI0003frn,J160909.05-541859.9
AWI0001tbz,J160927.76-473349.2
AWI0003frw,J160942.78-535103.6
AWI0005g3c,J161052.21-401811.7
AWI0001td4,J161132.64-460309.9
AWI0001tdb,J161146.56-460601.5
AWI0001e0k,J161251.89-482649.4
AWI0001e0m,J161253.33-471920.2
AWI00025j6,J161430.22-450942.5
AWI0005g54,J161438.01-411517.4
AWI0001tf4,J161443.82-461501.5
AWI0001e36,J161535.14-470755.0
AWI0001e43,J161654.52-473932.2
AWI0005g6e,J161700.15-392309.1
AWI0005g6o,J161744.69-374355.4
AWI00025kv,J161753.21-441937.7
AWI0002fjk,J161908.76-422740.9
AWI0004pt6,J161910.89-584819.8
AWI00057g5,J161913.91-322216.7
AWI0001e6f,J161918.47-462413.2
AWI0001thz,J161954.78-443345.2
AWI0002fk2,J162002.05-413726.3
AWI00005bs,J162051.97+045135.5
AWI0005g81,J162052.72-394224.2
AWI0003r0e,J162109.61-531750.9
AWI0005otz,J162132.37-603127.9
AWI0005g8r,J162200.18-391135.8
AWI0005xen,J162227.30-740039.6
AWI0005g94,J162235.65-381618.3
AWI0005g98,J162253.08-372437.5
AWI00057ho,J162257.10-332347.7
AWI0005dtm,J162313.17+440828.2
AWI0005b5v,J162321.64-274010.3
AWI0005g9m,J162332.45-375236.2
AWI0005g9n,J162336.08-362307.3
AWI0002fmk,J162433.61-404420.2
AWI0001tm6,J162550.94-442539.9
AWI00025p9,J162652.58-430415.9
AWI0005gbh,J162711.73-370617.5
AWI00025pj,J162720.35-421209.6
AWI00025py,J162802.24-421328.5
AWI0005ci9,J162816.58-184832.6
AWI0001ees,J162846.38-445940.7
AWI0005du7,J162907.89+341346.5
AWI0002fq3,J163009.80-382051.6
AWI000134p,J163041.61-461930.0
AWI0002fqi,J163049.58-404119.7
AWI0002fql,J163059.49-401843.2
AWI0002fqo,J163106.91-404442.9
AWI0005b8e,J163107.20-193050.7
AWI0005gdw,J163135.67-353834.6
AWI00025s8,J163217.45-413557.5
AWI00057lk,J163244.21-271746.8
AWI0002fsf,J163249.10-385328.7
AWI0002fsv,J163329.49-381824.4
AWI0001377,J163355.81-460159.7
AWI0005dui,J163419.49+482758.6
AWI0001tso,J163502.98-424928.5
AWI0002fts,J163503.67-392555.4
AWI00045qf,J163506.21-531707.2
AWI0005gfy,J163511.78-355841.3
AWI0001emi,J163517.33-435212.1
AWI0005xf6,J163524.72-764539.5
AWI0001eo2,J163701.86-431219.1
AWI00057na,J163759.95-242146.7
AWI0005b9v,J163830.68-192456.0
AWI0001tvu,J163832.44-413133.6
AWI00057no,J163856.36-284902.8
AWI0001era,J164016.98-423206.3
AWI0002fxj,J164021.04-360918.6
AWI0003rbx,J164054.73-500923.7
AWI0001es6,J164134.12-430755.7
AWI00057op,J164136.24-235639.4
AWI0005baj,J164208.15-203047.2
AWI00025yq,J164217.74-391541.6
AWI0001tyl,J164224.62-412430.6
AWI0002fzl,J164250.62-370954.4
AWI0005gm1,J164311.99-323149.3
AWI0005gm3,J164318.23-320248.4
AWI0005gm5,J164321.78-312745.9
AWI00057po,J164325.86-292934.1
AWI0001etl,J164328.30-415147.6
AWI0003re8,J164332.80-490137.8
AWI0002g09,J164334.80-354516.7
AWI0005cjn,J164748.85-064608.3
AWI0005p1x,J164801.11-591633.4
AWI0005bbr,J164811.46-163533.5
AWI000261c,J164827.97-374845.3
AWI0004q2y,J164848.80-541358.2
AWI00057ss,J164926.92-231400.8
AWI0001u3i,J165017.01-384642.4
AWI0003g7o,J165028.84-473534.6
AWI0001u4m,J165141.89-375832.3
AWI0005bcg,J165221.67-151758.8
AWI0003rru,J165559.29-471452.8
AWI00057w5,J165628.42-201021.8
AWI0001f70,J165918.47-385651.1
AWI0001f88,J170004.21-384102.2
AWI000467j,J170040.50-472035.7
AWI0003rwd,J170041.31-463228.0
AWI0001udz,J170157.85-354857.9
AWI0003rxy,J170229.04-453842.1
AWI0005gxu,J170257.93-284236.0
AWI0005dj2,J170318.64+390451.7
AWI0005h1l,J170454.32-285419.9
AWI0001fg4,J170549.35-361651.7
AWI0003s25,J170553.54-454127.0
AWI00046bw,J170611.56-461210.8
AWI000580k,J170731.44-153729.7
AWI000580r,J170736.57-224914.2
AWI00046d0,J170739.40-462928.0
AWI0001fj9,J170750.69-355413.3
AWI0004qda,J170758.02-490659.1
AWI0001fkk,J170833.66-355036.8
AWI0003gkh,J170855.02-432828.4
AWI0004h49,J170936.85-473145.5
AWI0001uq6,J171025.49-344128.3
AWI0003s7a,J171026.00-433113.2
AWI0003s7c,J171028.32-432508.5
AWI0005hek,J171042.87-241217.5
AWI00046fv,J171113.97-450222.8
AWI0005hg2,J171121.68-262029.2
AWI0005hgl,J171134.22-263043.4
AWI0002gy5,J171147.32-303447.2
AWI0005854,J171152.57-191612.2
AWI0005hha,J171152.87-263620.0
AWI0001fqs,J171158.58-345149.8
AWI0001fqt,J171158.66-354926.5
AWI0005hhp,J171200.52-222923.6
AWI0002zio,J171251.09-410441.9
AWI0003sao,J171254.57-430225.4
AWI0002h1m,J171257.30-293513.6
AWI000587h,J171337.21-134802.1
AWI0003sbh,J171340.16-432240.0
AWI0005hm5,J171351.86-222953.0
AWI0003sbv,J171356.63-432851.8
AWI0002h5m,J171409.55-274644.7
AWI0005ho3,J171430.82-262608.2
AWI0005bgt,J171505.25-092350.1
AWI0005hpf,J171505.96-213521.5
AWI0004h7i,J171512.10-464446.6
AWI000589g,J171514.95-210320.5
AWI0004h82,J171601.65-454322.4
AWI0005hsh,J171623.90-234337.7
AWI00058b2,J171632.84-200339.3
AWI00026z1,J171649.13-304103.4
AWI0003sgp,J171737.25-413222.9
AWI0003grb,J171745.41-402431.3
AWI0002hia,J171753.28-274725.6
AWI0005hw2,J171754.07-222204.6
AWI0005hw4,J171754.57-240339.7
AWI000271t,J171800.50-301855.8
AWI0005bhp,J171823.39-014727.6
AWI0005bhs,J171844.28-081850.3
AWI0005pdh,J171910.42-532448.8
AWI0005i01,J171929.55-230655.5
AWI000276a,J172000.13-284050.3
AWI00058fh,J172023.90-185955.0
AWI0002hqn,J172031.17-260235.9
AWI0005i39,J172031.46-203920.4
AWI0002hrk,J172049.32-271449.8
AWI0001g9x,J172107.18-321217.6
AWI0005i5g,J172115.89-200941.5
AWI0005i5x,J172125.91-240316.7
AWI0005i65,J172135.03-202355.1
AWI0005i86,J172210.67-205909.6
AWI0005i9a,J172228.93-183806.4
AWI0003sn9,J172256.07-401616.4
AWI00046rk,J172333.89-415958.0
AWI0005iec,J172408.75-193839.1
AWI00046se,J172415.24-415120.8
AWI0005ifp,J172438.87-193327.9
AWI0005iga,J172449.03-221714.4
AWI00027hm,J172512.24-265807.0
AWI0003gx0,J172514.45-382041.6
AWI0002i7f,J172518.33-230630.9
AWI0002i7p,J172519.61-230452.7
AWI0005iij,J172536.64-215520.7
AWI0003srl,J172545.46-400651.7
AWI0002iai,J172609.57-244437.6
AWI00046ul,J172629.61-413145.5
AWI0002ie9,J172713.06-253423.1
AWI0002iey,J172723.27-222414.6
AWI0003sup,J172729.77-400102.0
AWI00027ll,J172734.21-271717.7
AWI0005ip6,J172740.05-184904.3
AWI0005ipb,J172742.47-221155.2
AWI0003gzo,J172753.70-382050.0
AWI0001gvo,J172812.39-304729.6
AWI0005iso,J172839.77-204820.1
AWI0001w3y,J172854.96-273501.4
AWI0003sx0,J172856.34-380804.6
AWI0005iu8,J172909.43-204515.5
AWI0001gz9,J172914.71-293334.6
AWI0004hhs,J172951.18-422508.1
AWI0005pjs,J172952.25-465926.7
AWI00058ov,J172956.93-125645.4
AWI0004hi5,J173013.40-425623.9
AWI0003h1n,J173044.03-373022.1
AWI00027tq,J173055.55-251103.4
AWI0001wdd,J173135.12-280256.8
AWI00027wu,J173201.79-245645.8
AWI0001wf9,J173214.73-270810.0
AWI00000ou,J173219.81+374414.3
AWI0002izo,J173228.11-224952.1
AWI0001wgz,J173250.67-273001.5
AWI0002zuh,J173258.33-351603.1
AWI0002j23,J173305.46-215552.7
AWI0005bkw,J173312.26-021437.0
AWI000473b,J173345.88-395435.2
AWI0003t5c,J173354.99-365321.1
AWI0004qy0,J173358.14-440304.1
AWI0001hif,J173407.01-280113.1
AWI0003t6y,J173441.65-362848.7
AWI00058sn,J173451.09-105932.5
AWI0001wp7,J173516.45-251029.6
AWI0005png,J173544.74-463451.1
AWI0001wtz,J173640.41-260535.9
AWI0005cnr,J173705.95+181304.7
AWI000479j,J173722.16-372840.9
AWI0004hps,J173728.53-392509.4
AWI0004hq8,J173747.92-393925.0
AWI00058v4,J173826.85-092418.4
AWI0004hr5,J173828.72-390658.9
AWI0003thg,J173838.78-351429.6
AWI00058vi,J173849.45-104309.5
AWI00064os,J173855.14-563702.2
AWI00058w0,J173934.54-071127.3
AWI00058wf,J174006.02-052603.7
AWI0004r57,J174018.16-425147.0
AWI00058wu,J174047.25-094059.0
AWI00047iq,J174145.12-370641.8
AWI00058xq,J174203.48-065004.9
AWI00047mo,J174317.13-370141.6
AWI0002k9k,J174424.44-170651.4
AWI00058zj,J174439.16-064854.7
AWI0005jzo,J174528.42-095620.0
AWI0003hl1,J174532.55-324236.3
AWI00030a1,J174635.18-311643.7
AWI00064r4,J174743.80-513647.3
AWI0001xwd,J174747.40-214938.2
AWI0005cog,J174812.06+180435.8
AWI0005pwl,J174821.95-471219.3
AWI00030cb,J174840.71-300855.9
AWI0004rj3,J174852.55-375956.8
AWI0001y0z,J174924.22-213036.0
AWI0002kn2,J174948.22-142428.0
AWI0005bny,J175021.75+132703.1
AWI0002kqe,J175109.77-134023.7
AWI0002kqw,J175118.53-145200.2
AWI000592t,J175120.20-064447.5
AWI0001y7p,J175135.81-202916.6
AWI0003unx,J175145.00-310819.4
AWI0003hrx,J175202.30-302859.3
AWI0002ksu,J175214.64-152820.2
AWI0005k9t,J175244.89-101916.8
AWI0005k9x,J175250.99-102443.9
AWI000593x,J175256.12-044945.2
AWI0001jcn,J175320.29-202219.7
AWI0002kvy,J175354.18-154007.2
AWI0002kxy,J175454.07-123338.7
AWI0002kye,J175508.71-120551.4
AWI0001yhe,J175523.42-175300.3
AWI00029o4,J175554.55-155519.8
AWI0003v1r,J175600.33-290204.2
AWI00064tu,J175602.87-554031.0
AWI0001jl9,J175609.87-203002.1
AWI0004s16,J175645.76-365250.6
AWI0005key,J175649.50-083012.0
AWI00064u9,J175718.72-463046.6
AWI0001jqd,J175751.36-194346.2
AWI00064ul,J175754.09-511543.9
AWI0003vab,J175814.99-281858.7
AWI0005kh3,J175830.56-074446.2
AWI0005kht,J175915.82-074355.1
AWI0005979,J175926.80-005026.2
AWI00029uc,J175947.44-145848.7
AWI0001jws,J180000.49-185136.3
AWI0005kim,J180001.82-065240.7
AWI0005kis,J180008.71-045205.7
AWI0002l6z,J180026.36-113511.1
AWI0002l7c,J180035.10-095100.1
AWI0005kj8,J180035.64-083832.2
AWI0005kjf,J180044.74-050309.7
AWI0001jzj,J180053.51-182911.9
AWI0005kjo,J180103.55-045458.3
AWI000598c,J180107.50+033301.9
AWI00064w9,J180147.40-514049.8
AWI0005kla,J180225.11-041400.3
AWI0002l9w,J180233.93-081257.7
AWI0005klh,J180236.91-074802.5
AWI0002la7,J180245.55-110318.7
AWI0005klr,J180249.97-055310.0
AWI0005klx,J180256.33-053836.6
AWI0005km2,J180305.67-054504.5
AWI0005km3,J180308.45-063531.1
AWI00029ym,J180326.28-123334.6
AWI0001k7l,J180354.63-163334.7
AWI0005xkf,J180355.39-603856.6
AWI0002lcs,J180421.91-082451.1
AWI00049eq,J180425.24-291229.8
AWI0005kng,J180427.08-040239.5
AWI0001z08,J180429.84-143542.6
AWI0005knq,J180439.35-044838.4
AWI0002a01,J180440.48-120035.6
AWI0005kns,J180445.57-060927.6
AWI0005knx,J180452.25-050938.3
AWI000157z,J180455.23-183816.1
AWI0005ko0,J180457.59-062853.8
AWI0005ko6,J180503.59-020002.7
AWI0005kod,J180512.64-045225.8
AWI0002le1,J180518.79-101652.1
AWI0001z26,J180536.29-142652.7
AWI0002a18,J180538.36-114421.3
AWI0005koq,J180542.91-064140.7
AWI0005kor,J180544.36-062538.1
AWI0001z2b,J180548.73-144626.0
AWI0005kow,J180551.63-031712.4
AWI0003vyx,J180601.90-261307.3
AWI0005kp9,J180612.10-031302.4
AWI0002lgr,J180713.65-084204.8
AWI0005kq6,J180717.03-051134.8
AWI0005kqh,J180746.79-013530.6
AWI00064z5,J180809.99-453958.9
AWI0001khw,J180812.35-143237.5
AWI00064z8,J180814.04-494255.8
AWI0005kqu,J180818.44-042551.9
AWI0005krx,J180935.41-030918.4
AWI0005kry,J180935.41-034944.9
AWI0002a6f,J180940.40-092534.5
AWI0005ksg,J181005.14-040835.4
AWI0002llc,J181031.29-052429.9
AWI0005kss,J181033.69-020434.5
AWI0002llp,J181046.16-043542.8
AWI0005kt6,J181100.45-032410.3
AWI0002lmh,J181119.47-060355.9
AWI0002lms,J181127.89-051628.8
AWI0005bqk,J181141.15+262556.9
AWI0001kp9,J181141.79-140159.9
AWI0006517,J181143.46-463813.6
AWI0002lnr,J181210.61-035202.2
AWI0004a3i,J181221.11-255614.1
AWI0004a3m,J181224.55-243537.3
AWI0002a9h,J181235.30-075402.1
AWI0002lop,J181254.45-060125.8
AWI0006520,J181258.13-393849.7
AWI0005kuk,J181307.10-001522.9
AWI0005kuo,J181313.62-012129.1
AWI0005kus,J181320.83+003724.1
AWI0002lpa,J181321.09-063920.7
AWI0005kut,J181323.16-024530.1
AWI0002lpf,J181327.61-032351.7
AWI0002lpz,J181402.39-031431.2
AWI0002lq9,J181417.27-034608.5
AWI0002lqa,J181417.75-030701.8
AWI0004k71,J181424.85-262156.1
AWI0002lqi,J181436.64-042641.6
AWI0005kvv,J181444.90-012419.0
AWI0005kw0,J181456.84-012330.0
AWI0006535,J181457.20-413141.7
AWI0002lqy,J181459.62-032724.2
AWI0005kw8,J181505.98-012254.8
AWI0002lr4,J181507.01-030506.3
AWI0002lrn,J181535.16-022722.7
AWI0002adc,J181554.09-074756.2
AWI00059et,J181608.03+142657.0
AWI0005kxc,J181609.10-013247.2
AWI0002ls8,J181615.72-041817.1
AWI0002lst,J181639.85-021257.6
AWI0002lti,J181704.13-020422.6
AWI0003wne,J181709.37-210815.1
AWI0002af4,J181731.75-070350.2
AWI0005kyr,J181802.00+014524.5
AWI0005kyx,J181815.49+013023.3
AWI0002lvk,J181848.32-030246.3
AWI000655o,J181853.89-445130.1
AWI0002lvy,J181906.97-041451.4
AWI0004amz,J181912.70-224013.6
AWI0002ahg,J181928.66-050350.7
AWI0002lwd,J181931.59-042638.2
AWI0005brp,J181935.73+183917.2
AWI0002lwl,J181938.34-025903.2
AWI0002lwt,J181944.62-015207.6
AWI0001zp7,J181950.48-064421.0
AWI0002aic,J182005.57-043256.5
AWI0004uo9,J182015.06-284928.0
AWI0002lxd,J182016.88-031207.4
AWI0002lxe,J182017.20-022019.5
AWI0005l0o,J182021.75+014022.0
AWI0002lxk,J182032.45-003655.7
AWI0002air,J182041.64-042744.2
AWI0003wv9,J182042.13-185944.5
AWI0002lxt,J182048.90-020705.3
AWI0001zr2,J182057.99-063107.5
AWI0004asr,J182109.38-213029.8
AWI0002lyb,J182126.20-000021.1
AWI0001l70,J182141.70-093144.9
AWI000635p,J182152.36-393141.3
AWI0001l8a,J182213.09-081235.2
AWI0002lz6,J182219.09-025253.2
AWI0002akj,J182221.59-041128.7
AWI0002lzb,J182224.61-030522.1
AWI0002akv,J182246.61-050126.6
AWI0001zty,J182248.65-062605.5
AWI0001zu1,J182253.61-051153.6
AWI0001la0,J182258.03-084726.0
AWI0002lzr,J182258.37-015211.3
AWI0002alg,J182317.81-032857.2
AWI0001zun,J182318.08-053507.5
AWI0001lar,J182318.16-080437.4
AWI0002m07,J182321.46-005134.4
AWI0001lb2,J182325.33-081124.3
AWI0002m0f,J182343.02+002748.7
AWI0001lc7,J182350.18-064725.6
AWI0002am4,J182356.33-023146.4
AWI0004kvc,J182420.24-220049.7
AWI0001zwa,J182422.14-045158.9
AWI0003x4f,J182426.71-171329.6
AWI0001zwh,J182427.86-044234.3
AWI0002m16,J182428.83+001712.1
AWI0002amq,J182439.56-023320.7
AWI0002amw,J182455.91-022353.6
AWI0002anh,J182540.89-030325.1
AWI0002m2l,J182546.32+012945.7
AWI0002m2m,J182546.72-011404.1
AWI0001zyf,J182559.49-033941.0
AWI0001zyj,J182604.20-040123.8
AWI0002ans,J182606.71-030518.4
AWI0001zym,J182611.69-042921.6
AWI0002m3d,J182633.11-001843.1
AWI0001zzh,J182658.76-040955.3
AWI0005l5e,J182702.92+072021.5
AWI0001zzq,J182705.16-031301.5
AWI00065bv,J182708.33-371222.7
AWI0001zzs,J182710.46-041047.5
AWI0001zzw,J182713.99-041738.0
AWI0002002,J182719.42-041040.8
AWI000200c,J182726.53-044716.1
AWI000200j,J182734.81-041921.5
AWI0002m4l,J182749.98+011631.5
AWI0002m4r,J182757.66+010231.8
AWI0002app,J182810.43-022758.5
AWI0002m58,J182821.23+014106.3
AWI000201m,J182825.85-042320.6
AWI00059jy,J182855.87+125652.8
AWI0002028,J182857.29-030203.1
AWI0002m5w,J182908.31+005131.6
AWI0001lp3,J182919.98-061044.4
AWI0002033,J182923.25-025906.1
AWI0002m6a,J182927.37+014720.6
AWI0001lpk,J182932.34-055704.4
AWI000203g,J182935.85-033812.8
AWI000204f,J183003.45-032104.6
AWI0002aqt,J183008.50-002719.6
AWI0002aqz,J183033.16+002642.9
AWI0001ls0,J183035.85-035906.0
AWI0001lsk,J183050.65-040756.5
AWI0001lsm,J183050.92-044828.9
AWI00065fd,J183106.28-382107.4
AWI0001ltf,J183109.14-033512.3
AWI0002m7s,J183112.53+043121.8
AWI0001lue,J183129.37-035931.0
AWI0001luy,J183142.58-033434.7
AWI0002as2,J183148.39-003438.9
AWI0002as4,J183150.86-002356.2
AWI0002as9,J183157.85+001254.1
AWI0003xlf,J183248.76-135406.2
AWI0002m9h,J183252.83+020234.0
AWI00065gz,J183258.53-353552.5
AWI00065hj,J183330.70-395136.8
AWI0005zor,J183337.16-751609.6
AWI0004bgu,J183351.48-154843.7
AWI0002atz,J183424.58+013823.6
AWI0003xp8,J183449.82-135954.3
AWI00020as,J183449.90-004805.7
AWI0001m2j,J183504.37-031149.1
AWI00020be,J183514.88-011542.5
AWI00020bk,J183520.56-001747.1
AWI0003xr3,J183538.05-121320.8
AWI0002mbw,J183540.08+035517.2
AWI00020ch,J183554.42-002721.1
AWI0002avi,J183628.92+023417.8
AWI00020dh,J183638.77-002628.5
AWI0001m6c,J183648.51-022846.2
AWI0001m6n,J183656.41-013208.6
AWI00065lk,J183727.26-382806.5
AWI00020eq,J183733.09+015144.3
AWI00020es,J183735.97+010414.1
AWI0002awt,J183800.47+024417.6
AWI0005tlp,J183806.92-274419.2
AWI0002aww,J183808.37+021814.3
AWI0001m8w,J183815.13-003443.4
AWI00020g0,J183825.44+022110.2
AWI0005tml,J183832.22-274204.7
AWI00065n8,J183855.48-380548.6
AWI00020h1,J183919.79+005237.2
AWI0004br7,J183948.65-142156.5
AWI00020i1,J184003.24+010733.9
AWI0001mbx,J184006.35+002524.8
AWI0003y29,J184032.84-110943.3
AWI00065pi,J184053.12-303950.9
AWI0001mdz,J184104.13+012949.7
AWI00020j8,J184104.48+015814.7
AWI0001me4,J184106.43+004318.1
AWI0001me6,J184107.77+011426.1
AWI00020jg,J184117.38+021846.3
AWI0004w9a,J184130.09-163956.0
AWI0001mf3,J184138.37+004515.4
AWI0002az8,J184143.80+042906.0
AWI00020m6,J184330.16+030251.2
AWI00020mb,J184344.43+030949.9
AWI0005lfs,J184423.49+160534.8
AWI0001mki,J184432.16+025331.2
AWI0002mj4,J184444.86+075957.2
AWI0001mkz,J184447.27+031504.6
AWI0001mlf,J184502.54+013439.2
AWI0001mlg,J184502.94+015830.6
AWI0001mm9,J184520.96+012837.2
AWI0003ydv,J184536.26-074950.6
AWI00065we,J184629.52-341922.0
AWI0003jiq,J184635.32-061456.7
AWI0004wh0,J184638.50-162231.8
AWI0003jix,J184643.87-060356.8
AWI0001mpc,J184650.98+033932.8
AWI00020q4,J184712.81+062352.1
AWI00016pi,J184724.31+010523.5
AWI00020qk,J184739.40+060421.9
AWI0001mqy,J184741.57+042131.9
AWI00020qy,J184801.50+062558.0
AWI0001mrl,J184808.27+034418.6
AWI00020r4,J184811.03+054912.8
AWI0001msk,J184830.28+034245.3
AWI0001msu,J184835.72+045512.0
AWI00020rt,J184837.85+061754.7
AWI00020s0,J184848.05+071523.2
AWI00020s1,J184853.45+054352.4
AWI00020sc,J184902.74+065153.2
AWI0005lih,J184912.28+153811.2
AWI00020sh,J184918.89+074100.8
AWI00059q8,J184920.08+212911.5
AWI0003jm3,J184921.01-044616.7
AWI00065zf,J184944.08-340029.3
AWI00020sy,J184946.21+074048.6
AWI00020t3,J184952.06+062309.9
AWI00020t7,J184955.71+072332.4
AWI00065zq,J185003.56-262415.4
AWI00020th,J185005.38+072624.8
AWI00020tq,J185021.61+071454.7
AWI0003yoh,J185028.51-054630.7
AWI0001mvf,J185028.65+051647.0
AWI000660b,J185033.51-304155.7
AWI0002b5m,J185036.28+085247.3
AWI0001mvm,J185036.82+060728.9
AWI0001mvu,J185043.91+050721.3
AWI0001mw5,J185055.43+042611.8
AWI00020up,J185119.94+075453.6
AWI0005ub2,J185120.41-211517.9
AWI0001mwv,J185121.94+044556.2
AWI00016w6,J185126.78+025735.2
AWI00020v0,J185130.90+072614.7
AWI0001mxi,J185140.66+063908.9
AWI00020vf,J185154.19+075018.8
AWI0004wo3,J185157.89-145507.0
AWI00016wo,J185206.89+030500.8
AWI0001myc,J185207.27+061715.8
AWI0001myd,J185207.39+052703.1
AWI0001myt,J185221.52+063012.9
AWI0001myu,J185223.67+051029.3
AWI00020w5,J185230.90+084933.1
AWI0001mz6,J185236.98+055759.1
AWI0001mze,J185246.78+053717.4
AWI0006627,J185248.83-214445.2
AWI00020wq,J185253.02+072724.2
AWI0001mzu,J185300.80+055635.9
AWI000662l,J185316.65-242258.7
AWI0004cb6,J185342.65-055719.6
AWI0001n19,J185350.30+062624.6
AWI00020z3,J185442.90+084820.0
AWI0003ywy,J185456.98-033035.5
AWI00020zq,J185513.06+094615.4
AWI0004cde,J185538.02-043609.2
AWI0005xtx,J185542.33-341237.3
AWI0001n5y,J185626.29+080755.9
AWI0001n63,J185630.94+084414.6
AWI0006665,J185729.23-254103.2
AWI000212f,J185735.07+101507.5
AWI00032et,J185804.19-000200.2
AWI0001n9s,J185837.04+075500.9
AWI00032fq,J185844.01+001755.4
AWI000178c,J185905.07+065330.3
AWI0004m10,J185912.07-053628.1
AWI0002ms1,J185913.76+165446.7
AWI0001nbx,J185932.81+083905.8
AWI000179x,J185953.67+071525.9
AWI000667n,J185958.82-264030.7
AWI0002165,J190051.02+115353.5
AWI0002168,J190053.60+123808.1
AWI0001ngj,J190238.81+100541.9
AWI0001niy,J190400.35+103854.2
AWI0004wz5,J190400.48-070918.7
AWI0003zf6,J190426.84+003109.7
AWI00017j2,J190515.63+090620.4
AWI00021ak,J190517.86+135013.5
AWI00021ap,J190528.51+133857.7
AWI0005crw,J190611.33+555020.8
AWI00017kt,J190612.84+092115.9
AWI00017kv,J190613.10+094300.9
AWI0001nnj,J190635.36+131159.2
AWI0003zim,J190706.27+024036.9
AWI0001nop,J190709.64+124005.3
AWI0002mxz,J190727.65+220923.3
AWI0001np0,J190728.03+134828.6
AWI0002bgi,J190808.65+182812.5
AWI0005lr3,J190840.45+240728.0
AWI0002mz3,J190914.99+212734.6
AWI0002bh4,J190919.61+181414.3
AWI0005xxy,J191021.11-300904.5
AWI0003zna,J191022.32+043842.7
AWI0001nta,J191043.61+153208.0
AWI0003k7p,J191056.89+050928.1
AWI0001nue,J191124.64+150210.1
AWI0001nuj,J191130.81+150346.0
AWI0005xy6,J191135.87-351051.0
AWI00021hc,J191216.66+182646.9
AWI0001nvf,J191227.65+160143.3
AWI0003k99,J191233.55+065129.5
AWI0001nvx,J191252.17+144711.7
AWI0001nwe,J191305.29+154056.2
AWI0004mbn,J191324.12+003557.0
AWI0002bjo,J191344.93+193818.1
AWI0003zst,J191401.95+061352.8
AWI00021iu,J191409.46+172504.2
AWI0002bjx,J191420.37+200433.8
AWI00066dt,J191426.68-184927.2
AWI00021j5,J191437.21+193106.7
AWI0002bk9,J191441.65+211535.0
AWI00021jf,J191452.09+184119.3
AWI0003kbp,J191503.47+080416.8
AWI00021jm,J191505.26+175049.6
AWI00021jw,J191531.38+190631.4
AWI0001o0b,J191551.64+175412.8
AWI0003zvu,J191617.49+070636.6
AWI0002n2p,J191624.87+241156.3
AWI0001o1k,J191638.82+175239.4
AWI0003zwv,J191658.20+065322.7
AWI0005xyk,J191659.77-243626.9
AWI00066f5,J191701.14-101734.8
AWI0005ltf,J191703.19+285103.0
AWI0001o26,J191703.88+164933.4
AWI0001o27,J191707.46+170322.4
AWI000332r,J191708.42+094442.0
AWI00021l9,J191709.60+185304.6
AWI00066fk,J191730.06-184702.1
AWI0001o2z,J191735.46+180642.2
AWI00021ln,J191741.05+202457.9
AWI0001o3b,J191749.23+172826.5
AWI0001o3i,J191758.44+185626.8
AWI0003kei,J191806.78+083152.2
AWI0001o3u,J191810.65+175848.3
AWI0003zz5,J191843.03+071847.6
AWI00021mi,J191851.04+203632.4
AWI00021ms,J191912.23+194133.3
AWI00021mv,J191921.92+194911.2
AWI0001o5o,J191923.96+175658.4
AWI0002bm8,J191927.48+225737.1
AWI0001o5t,J191929.58+182525.5
AWI0001o5u,J191932.30+181416.7
AWI000400k,J191945.59+071421.6
AWI00021nk,J192010.96+211723.2
AWI0001o6v,J192012.95+200302.2
AWI0001o7i,J192033.99+181537.9
AWI0002bn4,J192043.87+231853.3
AWI0004023,J192046.70+083318.3
AWI0002bn5,J192048.93+224411.5
AWI0001o7s,J192054.72+184056.9
AWI000337a,J192056.68+110758.4
AWI0002bn7,J192101.08+231934.3
AWI0001o8b,J192116.05+195948.7
AWI000184t,J192135.90+165641.0
AWI0001o93,J192155.76+185824.9
AWI0001o9e,J192206.10+195036.3
AWI0004042,J192212.53+095047.9
AWI0004mfx,J192226.25+052123.2
AWI0003ki3,J192239.97+110405.9
AWI00066i1,J192242.07-135956.4
AWI00033aa,J192346.41+121417.9
AWI00021q3,J192350.21+232936.6
AWI0001obn,J192417.62+210450.2
AWI0004077,J192429.64+092752.3
AWI0001ocb,J192458.71+214547.1
AWI0004d7c,J192513.49+083602.2
AWI00021r6,J192525.62+234531.9
AWI0004d8c,J192611.27+090856.3
AWI0002bou,J192616.39+260811.8
AWI0001oeh,J192702.97+213322.1
AWI0001ofb,J192746.65+214409.2
AWI0001ofz,J192832.52+214936.4
AWI0001og3,J192835.01+233153.7
AWI00018cj,J192858.74+201320.5
AWI00021u5,J193000.83+262626.5
AWI00018do,J193001.56+204540.4
AWI00066md,J193158.65-133002.6
AWI00040es,J193217.50+144951.6
AWI0003kp9,J193251.71+160732.6
AWI00059y8,J193314.20+484150.7
AWI0004xkl,J193335.00+062924.9
AWI0005v8l,J193358.71+040953.2
AWI00040gg,J193400.79+140527.7
AWI00040ha,J193513.21+161158.1
AWI0001ook,J193711.95+263212.9
AWI0001oon,J193714.31+271920.2
AWI00021yx,J193811.23+282332.5
AWI0005y3q,J193902.38-161908.5
AWI0003ksp,J193918.30+183713.1
AWI000220g,J194051.59+302525.2
AWI0001os1,J194103.03+272513.1
AWI00018mn,J194112.96+252856.6
AWI00066rd,J194352.34-041910.1
AWI0001ouk,J194357.38+295037.1
AWI0005z8d,J194410.59-210738.6
AWI00066rn,J194437.40-061311.8
AWI00040pc,J194440.41+194004.2
AWI0001ovv,J194601.64+302502.0
AWI00033qr,J194651.22+223729.7
AWI00018pm,J194654.49+274055.3
AWI000224g,J194811.15+322000.1
AWI0002bx6,J194845.75+342201.7
AWI00018r0,J194858.47+275541.8
AWI0005y5q,J194946.11-090949.3
AWI00066t4,J194953.07-031006.3
AWI0001oz3,J195026.27+320512.0
AWI0003bru,J195128.66+252716.1
AWI00018ry,J195136.63+290301.6
AWI00018s2,J195142.66+294023.3
AWI0002byj,J195246.04+354411.7
AWI0003bth,J195338.44+262412.4
AWI0005zs6,J195428.42-395936.1
AWI000227n,J195428.60+350817.1
AWI0004doe,J195451.73+205543.2
AWI0003kzc,J195452.93+250448.6
AWI0002uc0,J195513.02+273611.6
AWI0004xuh,J195534.87+175755.1
AWI00040vq,J195603.24+241205.2
AWI0003kzt,J195615.60+250243.9
AWI0003buv,J195619.36+264333.0
AWI00040vt,J195624.97+231233.7
AWI00033w3,J195637.46+260529.8
AWI00066vk,J195640.08+043245.7
AWI00066vl,J195646.30+000051.1
AWI00033wh,J195723.27+263452.5
AWI00033wu,J195759.18+265626.4
AWI000229c,J195813.82+354124.9
AWI00040x6,J195835.05+252106.2
AWI0003l0q,J195900.23+264114.9
AWI00040xp,J200002.09+245425.5
AWI00066wh,J200019.62+095424.7
AWI00033xu,J200038.58+280651.1
AWI0003l18,J200052.84+265007.3
AWI00040yp,J200157.40+255854.8
AWI0002nk5,J200314.46+434525.5
AWI00040zv,J200411.55+255736.0
AWI0004dru,J200512.66+244838.0
AWI0005vms,J200552.65+173912.2
AWI0004mw1,J200557.54+240537.2
AWI0004dsc,J200639.96+260344.7
AWI00022em,J200712.80+380717.4
AWI000340n,J200725.61+294102.2
AWI0004dt2,J200832.19+260628.4
AWI0003l3v,J200838.95+292749.9
AWI00022f9,J200842.33+390918.8
AWI0005y8i,J200848.94+024805.5
AWI0002c5l,J200906.72+412217.8
AWI00066yk,J200909.38+140911.9
AWI0004132,J200939.71+274527.3
AWI0005a2d,J200946.35+601521.0
AWI0004mwu,J200947.06+255021.7
AWI00022g1,J201020.06+394447.9
AWI00061yb,J201025.15-393132.7
AWI0004mwx,J201044.23+260941.8
AWI0003l51,J201123.36+302054.1
AWI0002nqv,J201135.38+455713.2
AWI0003434,J201142.80+313611.1
AWI000414f,J201228.07+285357.9
AWI0001pey,J201253.92+383930.1
AWI000414x,J201314.67+285454.0
AWI0004duh,J201319.72+280453.1
AWI0003l5x,J201338.17+313145.9
AWI0004mxd,J201338.60+263717.0
AWI000344t,J201415.66+324448.1
AWI0004dus,J201417.33+275239.5
AWI000415i,J201417.43+304608.8
AWI0002c7c,J201443.80+425604.9
AWI0004dv0,J201515.96+280246.4
AWI0002ntp,J201536.83+444311.2
AWI0002ntt,J201539.44+462452.7
AWI000345f,J201558.50+325708.3
AWI0004dvg,J201630.39+295031.1
AWI0003c4g,J201638.05+341216.8
AWI0004y0q,J201730.80+254258.7
AWI0002c8f,J201745.21+441532.9
AWI0004dw8,J201830.71+293004.7
AWI0002c8l,J201845.91+443437.5
AWI0003468,J201856.43+335059.5
AWI0001951,J201926.14+381203.9
AWI0002nwo,J202012.29+460200.5
AWI0003c69,J202116.26+350545.4
AWI0005ztp,J202449.39-193310.6
AWI0003c7g,J202500.20+363734.5
AWI0006713,J202501.83+112854.3
AWI0004190,J202510.87+341015.3
AWI000419h,J202618.53+334236.6
AWI0003la3,J202630.87+344752.7
AWI000671e,J202640.23+122956.8
AWI0005vro,J202704.92+233403.8
AWI000559p,J202710.21+385401.5
AWI0002o0h,J202721.81+492218.1
AWI0002ccf,J202738.65+462105.3
AWI0004y36,J202859.42+300814.4
AWI0003lap,J202936.77+361617.2
AWI0003lar,J202940.96+354800.0
AWI0002cdv,J203154.27+464629.7
AWI0002o2h,J203159.77+493118.1
AWI00041cn,J203223.09+361024.1
AWI0005mbk,J203230.67+560747.8
AWI0004n0o,J203249.91+314032.1
AWI00022n5,J203406.01+460827.4
AWI0004y4e,J203437.11+300312.8
AWI00022nf,J203506.30+453147.3
AWI0004n14,J203604.63+340113.1
AWI00041fg,J203748.36+371424.2
AWI0004y50,J203748.74+322018.2
AWI0002cft,J203836.26+485807.0
AWI0002o4s,J203842.72+523802.7
AWI00041gb,J204012.74+382050.4
AWI0001po3,J204015.96+461401.6
AWI000198g,J204059.28+441240.8
AWI0004e27,J204101.47+363800.9
AWI0002cgc,J204114.39+494845.8
AWI0004e29,J204122.68+363937.5
AWI0002cgm,J204204.41+491817.5
AWI00022pw,J204228.58+474650.4
AWI00041h5,J204229.05+380822.6
AWI000198w,J204239.67+435933.8
AWI0003ldm,J204240.77+394354.3
AWI00022q4,J204245.04+484806.4
AWI00022qz,J204452.86+483005.1
AWI00022r1,J204506.13+480352.9
AWI0005zc6,J204520.75+073342.2
AWI00022r4,J204539.80+481952.8
AWI0003le3,J204550.18+401716.2
AWI0002o7f,J204641.20+521331.8
AWI0005a4l,J204716.66+603527.0
AWI00022rq,J204815.60+492838.8
AWI0006740,J204931.01+233459.4
AWI0005a4p,J205005.66+611452.7
AWI0003leo,J205008.78+411349.3
AWI00022se,J205027.42+500431.9
AWI0002cif,J205106.97+512721.5
AWI0002o84,J205417.79+524147.5
AWI00041k5,J205434.65+414201.4
AWI0003lff,J205533.24+424829.5
AWI00019bk,J205609.52+471216.1
AWI00022ub,J205613.51+510052.0
AWI0002cjb,J205614.16+513736.4
AWI0002cjh,J205641.05+524521.5
AWI0002uvb,J205738.16+452822.1
AWI0001pu0,J205748.02+494845.5
AWI000674l,J205753.64+244822.3
AWI000674o,J205824.97+233052.8
AWI0001puf,J205933.72+494623.7
AWI00022v6,J205933.83+510931.8
AWI00022vg,J210018.91+512116.6
AWI0002ck0,J210031.85+524504.3
AWI0005mea,J210038.16+573613.8
AWI00022vx,J210200.97+522444.8
AWI00019c9,J210206.45+481801.3
AWI00022w1,J210228.96+512553.2
AWI0001pvx,J210335.63+495948.7
AWI0002ckh,J210341.16+535123.3
AWI00034ev,J210359.42+443938.7
AWI0001pwe,J210431.93+510855.3
AWI00022wn,J210432.49+513615.8
AWI00022x8,J210648.32+522351.5
AWI0004n4l,J210725.44+402102.1
AWI0005zuy,J210734.65+012227.4
AWI0003lh4,J210753.35+444752.0
AWI00022xg,J210801.53+523019.1
AWI0002cky,J210806.19+540131.5
AWI0002o9q,J210952.58+565144.6
AWI0005zdc,J211250.20+162902.6
AWI00022yc,J211259.35+535301.4
AWI0004e7v,J211324.90+440124.7
AWI0004n54,J211426.28+424033.5
AWI0004y96,J211554.87+411020.1
AWI00019eb,J211820.02+510029.3
AWI0001pzt,J211847.04+532912.9
AWI00022z7,J211917.81+542453.3
AWI00041ox,J211940.37+463516.2
AWI00055hw,J211941.78+501026.6
AWI0001q09,J212038.05+531428.1
AWI0002ob6,J212039.31+571637.7
AWI0005a6v,J212057.78+675930.7
AWI0001q0d,J212119.27+525255.2
AWI0001q0e,J212136.83+534902.3
AWI00055i2,J212150.39+503727.2
AWI0001q0p,J212344.67+534412.5
AWI0002cmj,J212409.44+561045.9
AWI000675y,J212443.63+335917.1
AWI0001q0x,J212528.68+542010.3
AWI0002cms,J212645.14+570117.2
AWI00034gc,J212725.09+491554.6
AWI0005mhx,J212727.31+625323.3
AWI00055in,J212738.30+512933.8
AWI0001q16,J212742.22+534949.4
AWI00019fn,J212844.28+525126.6
AWI0002cmw,J212845.03+563519.9
AWI0002304,J212851.65+562648.3
AWI0005mi7,J213346.72+624343.2
AWI0002uzz,J213633.70+513052.0
AWI0002com,J213647.01+580012.2
AWI00019gh,J214210.67+541451.0
AWI000676v,J214217.20+391857.6
AWI000232v,J214228.70+581326.7
AWI0002348,J214801.30+581111.1
AWI0001q4v,J215126.39+572455.4
AWI0001q4z,J215217.48+570347.8
AWI0002v0q,J215231.66+533404.7
AWI0005a9q,J215256.86+711707.9
AWI00034hg,J215258.43+522830.9
AWI00034hk,J215440.04+525006.6
AWI000677m,J215731.98+382425.4
AWI0003chx,J215741.88+540858.8
AWI000623h,J215959.89+134531.2
AWI00019hj,J220030.17+563159.6
AWI0005mku,J220523.44+644143.0
AWI0001q70,J220642.42+581949.5
AWI000236a,J220946.87+605043.2
AWI0002376,J221537.72+603515.4
AWI00041sy,J222125.19+540429.0
AWI00019in,J222339.30+584058.4
AWI0002v2r,J222447.50+571020.4
AWI0002395,J222507.94+613016.4
AWI00019iu,J222559.04+585236.9
AWI000239h,J222925.75+614206.6
AWI0001q8v,J222944.29+601118.0
AWI0005mnb,J223113.69+661447.1
AWI0004ycp,J223158.92+501736.8
AWI0002omv,J223338.16+651915.1
AWI00019jj,J223559.56+595719.9
AWI0001q9h,J223858.19+613524.2
AWI0001q9k,J223910.93+614511.9
AWI0000l8r,J224039.75-681416.8
AWI0001q9t,J224050.28+613523.8
AWI0002ool,J224208.91+650810.3
AWI0001qa9,J224417.29+612624.8
AWI0002opl,J225208.54+655247.2
AWI0002v4c,J225409.95+591417.9
AWI00055of,J230056.86+601144.6
AWI0002cy5,J230229.58+643103.7
AWI0002oqo,J230251.55+671935.8
AWI0003clb,J230509.37+591045.2
AWI00023g1,J230543.13+633621.6
AWI0005mpn,J230754.80+680647.4
AWI0002cyt,J230757.32+645537.3
AWI00008yo,J231858.17-071851.1
AWI00041wp,J232002.63+582544.8
AWI0002czr,J232424.02+655457.6
AWI0001qie,J233053.84+640333.7
AWI0003cni,J233243.99+603629.9
AWI0002osr,J233324.77+683613.5
AWI0001qim,J233344.96+640712.9
AWI00023in,J233359.64+645749.0
AWI00023ip,J233424.75+645115.7
AWI0005mqf,J233559.36+690632.9
AWI0002d0h,J234219.51+661602.0
AWI00019p5,J234405.07+630753.1
AWI0002d0n,J234615.58+661511.6
AWI0002oth,J234758.53+671745.8
AWI00062p2,J234945.36-431707.8
AWI0001qkx,J235057.60+645538.5
AWI0004219,J235353.86+590948.6
AWI0003lq8,J235734.81+602112.4
AWI0001qlk,J235739.68+642847.2
AWI0001qlr,J235854.48+645325.8
